name,group_name,category_id,category_name,category_paths,,,,이름,그룹명,카테고리 ID,카테고리명,,,,,,
ウエスト,水着女性,2111,水着・ビーチグッズ,レディースファッション,,,,허리둘레,수영복 여성,2111,수영복·비치 굿즈,,,이름,,한국어 추출 목록,원본 일본어 (name)
ヒップ,水着女性,2111,水着・ビーチグッズ,レディースファッション,,,,힙둘레,수영복 여성,2111,수영복·비치 굿즈,,,허리둘레,,허리둘레,ウエスト
総丈,水着女性,2111,水着・ビーチグッズ,レディースファッション,,,,총장,수영복 여성,2111,수영복·비치 굿즈,,,힙둘레,,힙둘레,ヒップ
トップ,水着女性,2111,水着・ビーチグッズ,レディースファッション,,,,톱(가슴둘레),수영복 여성,2111,수영복·비치 굿즈,,,총장,,총장,総丈 / 着丈
アンダー,水着女性,2111,水着・ビーチグッズ,レディースファッション,,,,언더(밑가슴둘레),수영복 여성,2111,수영복·비치 굿즈,,,톱(가슴둘레),,톱(가슴둘레),トップ
ウエスト,水着男性,2210,水着・ビーチグッズ,メンズファッション,,,,허리둘레,수영복 남성,2210,수영복·비치 굿즈,,,언더(밑가슴둘레),,언더(밑가슴둘레),アンダー
ヒップ,水着男性,2210,水着・ビーチグッズ,メンズファッション,,,,힙둘레,수영복 남성,2210,수영복·비치 굿즈,,,인심(다리 안쪽 길이),,인심(다리 안쪽 길이),股下
股下,水着男性,2210,水着・ビーチグッズ,メンズファッション,,,,인심(다리 안쪽 길이),수영복 남성,2210,수영복·비치 굿즈,,,허벅지 둘레,,허벅지 둘레,もも周り
もも周り,水着男性,2210,水着・ビーチグッズ,メンズファッション,,,,허벅지 둘레,수영복 남성,2210,수영복·비치 굿즈,,,밑단 둘레,,밑단 둘레,すそ周り
すそ周り,水着男性,2210,水着・ビーチグッズ,メンズファッション,,,,밑단 둘레,수영복 남성,2210,수영복·비치 굿즈,,,어깨너비,,어깨너비,肩幅
着丈,トップス袖あり,3001,Tシャツ・カットソー,レディースファッション/トップス,,,,총장,상의 소매 있음,3001,T셔츠·커트소,,,가슴둘레,,가슴둘레,胸囲
肩幅,トップス袖あり,3001,Tシャツ・カットソー,レディースファッション/トップス,,,,어깨너비,상의 소매 있음,3001,T셔츠·커트소,,,소매길이,,소매길이,袖丈
胸囲,トップス袖あり,3001,Tシャツ・カットソー,レディースファッション/トップス,,,,가슴둘레,상의 소매 있음,3001,T셔츠·커트소,,,스커트 길이,,스커트 길이,スカート丈
袖丈,トップス袖あり,3001,Tシャツ・カットソー,レディースファッション/トップス,,,,소매길이,상의 소매 있음,3001,T셔츠·커트소,,,밑위,,밑위,股上
着丈,トップス袖あり,3003,チュニック,レディースファッション/トップス,,,,총장,상의 소매 있음,3003,튜닉,,股下,인심,,너비,幅
肩幅,トップス袖あり,3003,チュニック,レディースファッション/トップス,,,,어깨너비,상의 소매 있음,3003,튜닉,,,너비,,굽 높이,ヒール高
胸囲,トップス袖あり,3003,チュニック,レディースファッション/トップス,,,,가슴둘레,상의 소매 있음,3003,튜닉,,,굽 높이,,높이,高さ
袖丈,トップス袖あり,3003,チュニック,レディースファッション/トップス,,,,소매길이,상의 소매 있음,3003,튜닉,,,높이,,종아리 둘레,つつ周り
着丈,トップス袖あり,3004,ニット・セーター,レディースファッション/トップス,,,,총장,상의 소매 있음,3004,니트·세터,,,종아리 둘레,,가로,横
肩幅,トップス袖あり,3004,ニット・セーター,レディースファッション/トップス,,,,어깨너비,상의 소매 있음,3004,니트·세터,,,가로,,세로,縦
胸囲,トップス袖あり,3004,ニット・セーター,レディースファッション/トップス,,,,가슴둘레,상의 소매 있음,3004,니트·세터,,,세로,,폭(마치),마치(マチ)
袖丈,トップス袖あり,3004,ニット・セーター,レディースファッション/トップス,,,,소매길이,상의 소매 있음,3004,니트·세터,,,폭(마치),,손잡이 길이,持ち手
着丈,トップス袖あり,3005,パーカー・フーディ,レディースファッション/トップス,,,,총장,상의 소매 있음,3005,파카·후디,,,손잡이 길이,,스트랩 길이,ストラップ
肩幅,トップス袖あり,3005,パーカー・フーディ,レディースファッション/トップス,,,,어깨너비,상의 소매 있음,3005,파카·후디,,,스트랩 길이,,두께,厚み
胸囲,トップス袖あり,3005,パーカー・フーディ,レディースファッション/トップス,,,,가슴둘레,상의 소매 있음,3005,파카·후디,,,두께,,길이,長さ
袖丈,トップス袖あり,3005,パーカー・フーディ,レディースファッション/トップス,,,,소매길이,상의 소매 있음,3005,파카·후디,,,길이,,펜던트 세로,トップ縦
着丈,トップス袖あり,3006,スウェット・トレーナー,レディースファッション/トップス,,,,총장,상의 소매 있음,3006,스웨트·맨투맨,,,펜던트 세로,,펜던트 가로,トップ横
肩幅,トップス袖あり,3006,スウェット・トレーナー,レディースファッション/トップス,,,,어깨너비,상의 소매 있음,3006,스웨트·맨투맨,,,펜던트 가로,,둘레,円周
胸囲,トップス袖あり,3006,スウェット・トレーナー,レディースファッション/トップス,,,,가슴둘레,상의 소매 있음,3006,스웨트·맨투맨,,,둘레,,손목 둘레,手首周리 / 全長
袖丈,トップス袖あり,3006,スウェット・トレーナー,レディースファッション/トップス,,,,소매길이,상의 소매 있음,3006,스웨트·맨투맨,,,손목 둘레,,다이얼 세로,文字盤縦
着丈,トップス袖あり,3007,ブラウス・シャツ,レディースファッション/トップス,,,,총장,상의 소매 있음,3007,블라우스·셔츠,,,다이얼 세로,,다이얼 가로,文字盤横
肩幅,トップス袖あり,3007,ブラウス・シャツ,レディースファッション/トップス,,,,어깨너비,상의 소매 있음,3007,블라우스·셔츠,,,다이얼 가로,,프레임 세로,フレーム縦
胸囲,トップス袖あり,3007,ブラウス・シャツ,レディースファッション/トップス,,,,가슴둘레,상의 소매 있음,3007,블라우스·셔츠,,,프레임 세로,,프레임 가로,フレーム横
袖丈,トップス袖あり,3007,ブラウス・シャツ,レディースファッション/トップス,,,,소매길이,상의 소매 있음,3007,블라우스·셔츠,,,프레임 가로,,렌즈 세로,レンズ縦
着丈,トップス袖あり,3008,ポロシャツ,レディースファッション/トップス,,,,총장,상의 소매 있음,3008,폴로 셔츠,,,렌즈 세로,,렌즈 가로,レン즈横
肩幅,トップス袖あり,3008,ポロシャツ,レディースファッション/トップス,,,,어깨너비,상의 소매 있음,3008,폴로 셔츠,,,렌즈 가로,,템플(안경다리),テンプル
胸囲,トップス袖あり,3008,ポロシャツ,レディースファッション/トップス,,,,가슴둘레,상의 소매 있음,3008,폴로 셔츠,,,템플(안경다리),,총길이,全長
袖丈,トップス袖あり,3008,ポロシャツ,レディースファッション/トップス,,,,소매길이,상의 소매 있음,3008,폴로 셔츠,,,총길이,,발너비,足幅
着丈,トップス袖なし,3009,ベスト・ジレ,レディースファッション/トップス,,,,총장,상의 소매 없음,3009,베스트·조끼,,,발너비,,최대 너비,最大幅
胸囲,トップス袖なし,3009,ベスト・ジレ,レディースファッション/トップス,,,,가슴둘레,상의 소매 없음,3009,베스트·조끼,,,최대 너비,,지름,直径
着丈,トップス袖あり,3010,トップスその他,レディースファッション/トップス,,,,총장,상의 소매 있음,3010,상의 기타,,,지름,,깊이,奥行
肩幅,トップス袖あり,3010,トップスその他,レディースファッション/トップス,,,,어깨너비,상의 소매 있음,3010,상의 기타,,,깊이,,머리 둘레,頭周り
胸囲,トップス袖あり,3010,トップスその他,レディースファッション/トップス,,,,가슴둘레,상의 소매 있음,3010,상의 기타,,,머리 둘레,,챙 길이,つば
袖丈,トップス袖あり,3010,トップスその他,レディースファッション/トップス,,,,소매길이,상의 소매 있음,3010,상의 기타,,,챙 길이,,,
着丈,トップス袖なし,3011,タンクトップ,レディースファッション/トップス,,,,총장,상의 소매 없음,3011,탱크톱,,,0,,,
胸囲,トップス袖なし,3011,タンクトップ,レディースファッション/トップス,,,,가슴둘레,상의 소매 없음,3011,탱크톱,,,,,,
ウエスト,ボトムススカート,3020,スカート,レディースファッション/ボトムス,,,,허리둘레,하의 스커트,3020,스커트,,,,,,
ヒップ,ボトムススカート,3020,スカート,レディースファッション/ボトムス,,,,힙둘레,하의 스커트,3020,스커트,,,,,,
スカート丈,ボトムススカート,3020,スカート,レディースファッション/ボトムス,,,,스커트 길이,하의 스커트,3020,스커트,,,,,,
ウエスト,ボトムススカート,3021,ミニスカート,レディースファッション/ボトムス,,,,허리둘레,하의 스커트,3021,미니스커트,,,,,,
ヒップ,ボトムススカート,3021,ミニスカート,レディースファッション/ボトムス,,,,힙둘레,하의 스커트,3021,미니스커트,,,,,,
スカート丈,ボトムススカート,3021,ミニスカート,レディースファッション/ボトムス,,,,스커트 길이,하의 스커트,3021,미니스커트,,,,,,
ウエスト,ボトムスパンツ,3022,パンツ,レディースファッション/ボトムス,,,,허리둘레,하의 팬츠,3022,팬츠,,,,,,
ヒップ,ボトムスパンツ,3022,パンツ,レディースファッション/ボトムス,,,,힙둘레,하의 팬츠,3022,팬츠,,,,,,
股上,ボトムスパンツ,3022,パンツ,レディースファッション/ボトムス,,,,밑위,하의 팬츠,3022,팬츠,,,,,,
股下,ボトムスパンツ,3022,パンツ,レディースファッション/ボトムス,,,,인심,하의 팬츠,3022,팬츠,,,,,,
もも周り,ボトムスパンツ,3022,パンツ,レディースファッション/ボトムス,,,,허벅지 둘레,하의 팬츠,3022,팬츠,,,,,,
すそ周り,ボトムスパンツ,3022,パンツ,レディースファッション/ボトムス,,,,밑단 둘레,하의 팬츠,3022,팬츠,,,,,,
ウエスト,ボトムスパンツ,3023,ショートパンツ,レディースファッション/ボトムス,,,,허리둘레,하의 팬츠,3023,숏팬츠,,,,,,
ヒップ,ボトムスパンツ,3023,ショートパンツ,レディースファッション/ボトムス,,,,힙둘레,하의 팬츠,3023,숏팬츠,,,,,,
股上,ボトムスパンツ,3023,ショートパンツ,レディースファッション/ボトムス,,,,밑위,하의 팬츠,3023,숏팬츠,,,,,,
股下,ボトムスパンツ,3023,ショートパンツ,レディースファッション/ボトムス,,,,인심,하의 팬츠,3023,숏팬츠,,,,,,
もも周り,ボトムスパンツ,3023,ショートパンツ,レディースファッション/ボトムス,,,,허벅지 둘레,하의 팬츠,3023,숏팬츠,,,,,,
すそ周り,ボトムスパンツ,3023,ショートパンツ,レディースファッション/ボトムス,,,,밑단 둘레,하의 팬츠,3023,숏팬츠,,,,,,
ウエスト,ボトムスパンツ,3024,デニム・ジーパン,レディースファッション/ボトムス,,,,허리둘레,하의 팬츠,3024,데님·청바지,,,,,,
ヒップ,ボトムスパンツ,3024,デニム・ジーパン,レディースファッション/ボトムス,,,,힙둘레,하의 팬츠,3024,데님·청바지,,,,,,
股上,ボトムスパンツ,3024,デニム・ジーパン,レディースファッション/ボトムス,,,,밑위,하의 팬츠,3024,데님·청바지,,,,,,
股下,ボトムスパンツ,3024,デニム・ジーパン,レディースファッション/ボトムス,,,,인심,하의 팬츠,3024,데님·청바지,,,,,,
もも周り,ボトムスパンツ,3024,デニム・ジーパン,レディースファッション/ボトムス,,,,허벅지 둘레,하의 팬츠,3024,데님·청바지,,,,,,
すそ周り,ボトムスパンツ,3024,デニム・ジーパン,レディースファッション/ボトムス,,,,밑단 둘레,하의 팬츠,3024,데님·청바지,,,,,,
ウエスト,ボトムスパンツ,3025,ボトムスその他,レディースファッション/ボトムス,,,,허리둘레,하의 팬츠,3025,하의 기타,,,,,,
ヒップ,ボトムスパンツ,3025,ボトムスその他,レディースファッション/ボトムス,,,,힙둘레,하의 팬츠,3025,하의 기타,,,,,,
股上,ボトムスパンツ,3025,ボトムスその他,レディースファッション/ボトムス,,,,밑위,하의 팬츠,3025,하의 기타,,,,,,
股下,ボトムスパンツ,3025,ボトムスその他,レディースファッション/ボトムス,,,,인심,하의 팬츠,3025,하의 기타,,,,,,
もも周り,ボトムスパンツ,3025,ボトムスその他,レディースファッション/ボトムス,,,,허벅지 둘레,하의 팬츠,3025,하의 기타,,,,,,
すそ周り,ボトムスパンツ,3025,ボトムスその他,レディースファッション/ボトムス,,,,밑단 둘레,하의 팬츠,3025,하의 기타,,,,,,
着丈,ワンピース系,3040,ワンピース,レディースファッション/ワンピース・オールインワン,,,,총장,원피스 계열,3040,원피스,,,,,,
肩幅,ワンピース系,3040,ワンピース,レディースファッション/ワンピース・オールインワン,,,,어깨너비,원피스 계열,3040,원피스,,,,,,
胸囲,ワンピース系,3040,ワンピース,レディースファッション/ワンピース・オールインワン,,,,가슴둘레,원피스 계열,3040,원피스,,,,,,
袖丈,ワンピース系,3040,ワンピース,レディースファッション/ワンピース・オールインワン,,,,소매길이,원피스 계열,3040,원피스,,,,,,
ウエスト,ワンピース系,3040,ワンピース,レディースファッション/ワンピース・オールインワン,,,,허리둘레,원피스 계열,3040,원피스,,,,,,
ヒップ,ワンピース系,3040,ワンピース,レディースファッション/ワンピース・オールインワン,,,,힙둘레,원피스 계열,3040,원피스,,,,,,
着丈,ワンピース系,3041,オールインワン・サロペット,レディースファッション/ワンピース・オールインワン,,,,총장,원피스 계열,3041,올인원·멜빵바지,,,,,,
肩幅,ワンピース系,3041,オールインワン・サロペット,レディースファッション/ワンピース・オールインワン,,,,어깨너비,원피스 계열,3041,올인원·멜빵바지,,,,,,
胸囲,ワンピース系,3041,オールインワン・サロペット,レディースファッション/ワンピース・オールインワン,,,,가슴둘레,원피스 계열,3041,올인원·멜빵바지,,,,,,
袖丈,ワンピース系,3041,オールインワン・サロペット,レディースファッション/ワンピース・オールインワン,,,,소매길이,원피스 계열,3041,올인원·멜빵바지,,,,,,
ウエスト,ワンピース系,3041,オールインワン・サロペット,レディースファッション/ワンピース・オールインワン,,,,허리둘레,원피스 계열,3041,올인원·멜빵바지,,,,,,
ヒップ,ワンピース系,3041,オールインワン・サロペット,レディースファッション/ワンピース・オールインワン,,,,힙둘레,원피스 계열,3041,올인원·멜빵바지,,,,,,
着丈,ワンピース系,3042,ワンピースその他,レディースファッション/ワンピース・オールインワン,,,,총장,원피스 계열,3042,원피스 기타,,,,,,
肩幅,ワンピース系,3042,ワンピースその他,レディースファッション/ワンピース・オールインワン,,,,어깨너비,원피스 계열,3042,원피스 기타,,,,,,
胸囲,ワンピース系,3042,ワンピースその他,レディースファッション/ワンピース・オールインワン,,,,가슴둘레,원피스 계열,3042,원피스 기타,,,,,,
袖丈,ワンピース系,3042,ワンピースその他,レディースファッション/ワンピース・オールインワン,,,,소매길이,원피스 계열,3042,원피스 기타,,,,,,
ウエスト,ワンピース系,3042,ワンピースその他,レディースファッション/ワンピース・オールインワン,,,,허리둘레,원피스 계열,3042,원피스 기타,,,,,,
ヒップ,ワンピース系,3042,ワンピースその他,レディースファッション/ワンピース・オールインワン,,,,힙둘레,원피스 계열,3042,원피스 기타,,,,,,
着丈,トップス袖あり,3060,コート,レディースファッション/アウター,,,,총장,상의 소매 있음,3060,코트,,,,,,
肩幅,トップス袖あり,3060,コート,レディースファッション/アウター,,,,어깨너비,상의 소매 있음,3060,코트,,,,,,
胸囲,トップス袖あり,3060,コート,レディースファッション/アウター,,,,가슴둘레,상의 소매 있음,3060,코트,,,,,,
袖丈,トップス袖あり,3060,コート,レディースファッション/アウター,,,,소매길이,상의 소매 있음,3060,코트,,,,,,
着丈,トップス袖あり,3061,ジャケット,レディースファッション/アウター,,,,총장,상의 소매 있음,3061,재킷,,,,,,
肩幅,トップス袖あり,3061,ジャケット,レディースファッション/アウター,,,,어깨너비,상의 소매 있음,3061,재킷,,,,,,
胸囲,トップス袖あり,3061,ジャケット,レディースファッション/アウター,,,,가슴둘레,상의 소매 있음,3061,재킷,,,,,,
袖丈,トップス袖あり,3061,ジャケット,レディースファッション/アウター,,,,소매길이,상의 소매 있음,3061,재킷,,,,,,
着丈,トップス袖あり,3062,ダウンジャケット・コート,レディースファッション/アウター,,,,총장,상의 소매 있음,3062,다운재킷·코트,,,,,,
肩幅,トップス袖あり,3062,ダウンジャケット・コート,レディースファッション/アウター,,,,어깨너비,상의 소매 있음,3062,다운재킷·코트,,,,,,
胸囲,トップス袖あり,3062,ダウンジャケット・コート,レディースファッション/アウター,,,,가슴둘레,상의 소매 있음,3062,다운재킷·코트,,,,,,
袖丈,トップス袖あり,3062,ダウンジャケット・コート,レディースファッション/アウター,,,,소매길이,상의 소매 있음,3062,다운재킷·코트,,,,,,
着丈,トップス袖あり,3063,ブルゾン,レディースファッション/アウター,,,,총장,상의 소매 있음,3063,블루종,,,,,,
肩幅,トップス袖あり,3063,ブルゾン,レディースファッション/アウター,,,,어깨너비,상의 소매 있음,3063,블루종,,,,,,
胸囲,トップス袖あり,3063,ブルゾン,レディースファッション/アウター,,,,가슴둘레,상의 소매 있음,3063,블루종,,,,,,
袖丈,トップス袖あり,3063,ブルゾン,レディースファッション/アウター,,,,소매길이,상의 소매 있음,3063,블루종,,,,,,
着丈,トップス袖あり,3064,アウターその他,レディースファッション/アウター,,,,총장,상의 소매 있음,3064,아우터 기타,,,,,,
肩幅,トップス袖あり,3064,アウターその他,レディースファッション/アウター,,,,어깨너비,상의 소매 있음,3064,아우터 기타,,,,,,
胸囲,トップス袖あり,3064,アウターその他,レディースファッション/アウター,,,,가슴둘레,상의 소매 있음,3064,아우터 기타,,,,,,
袖丈,トップス袖あり,3064,アウターその他,レディースファッション/アウター,,,,소매길이,상의 소매 있음,3064,아우터 기타,,,,,,
着丈,トップス袖あり,3065,カーディガン,レディースファッション/トップス,,,,총장,상의 소매 있음,3065,가디건,,,,,,
肩幅,トップス袖あり,3065,カーディガン,レディースファッション/トップス,,,,어깨너비,상의 소매 있음,3065,가디건,,,,,,
胸囲,トップス袖あり,3065,カーディガン,レディースファッション/トップス,,,,가슴둘레,상의 소매 있음,3065,가디건,,,,,,
袖丈,トップス袖あり,3065,カーディガン,レディースファッション/トップス,,,,소매길이,상의 소매 있음,3065,가디건,,,,,,
総丈,エプロン・ポンチョ,3066,ポンチョ・ケープ,レディースファッション/アウター,,,,총장,앞치마·판초,3066,판초·케이트,,,,,,
幅,エプロン・ポンチョ,3066,ポンチョ・ケープ,レディースファッション/アウター,,,,너비,앞치마·판초,3066,판초·케이트,,,,,,
着丈,トップス袖なし,3067,ダウンベスト,レディースファッション/アウター,,,,총장,상의 소매 없음,3067,다운 베스트,,,,,,
胸囲,トップス袖なし,3067,ダウンベスト,レディースファッション/アウター,,,,가슴둘레,상의 소매 없음,3067,다운 베스트,,,,,,
ヒール高,シューズ,3080,サンダル・ミュール,レディースファッション/靴・シューズ,,,,굽 높이,슈즈,3080,샌들·뮬,,,,,,
ヒール高,シューズ,3081,スニーカー,レディースファッション/靴・シューズ,,,,굽 높이,슈즈,3081,스니커즈,,,,,,
ヒール高,シューズ,3082,パンプス,レディースファッション/靴・シューズ,,,,굽 높이,슈즈,3082,펌프스,,,,,,
ヒール高,シューズ,3083,シューズ・サンダルその他,レディースファッション/靴・シューズ,,,,굽 높이,슈즈,3083,슈즈·샌들 기타,,,,,,
高さ,ブーツ女性,3084,ロングブーツ,レディースファッション/ブーツ,,,,높이,부츠 여성,3084,롱부츠,,,,,,
ヒール高,ブーツ女性,3084,ロングブーツ,レディースファッション/ブーツ,,,,굽 높이,부츠 여성,3084,롱부츠,,,,,,
つつ周り,ブーツ女性,3084,ロングブーツ,レディースファッション/ブーツ,,,,종아리 둘레,부츠 여성,3084,롱부츠,,,,,,
高さ,ブーツ女性,3085,ショートブーツ・ブーティ,レディースファッション/ブーツ,,,,높이,부츠 여성,3085,숏부츠·부티,,,,,,
ヒール高,ブーツ女性,3085,ショートブーツ・ブーティ,レディースファッション/ブーツ,,,,굽 높이,부츠 여성,3085,숏부츠·부티,,,,,,
つつ周り,ブーツ女性,3085,ショートブーツ・ブーティ,レディースファッション/ブーツ,,,,종아리 둘레,부츠 여성,3085,숏부츠·부티,,,,,,
高さ,ブーツ女性,3086,レインブーツ,レディースファッション/ブーツ,,,,높이,부츠 여성,3086,레인부츠,,,,,,
ヒール高,ブーツ女性,3086,レインブーツ,レディースファッション/ブーツ,,,,굽 높이,부츠 여성,3086,레인부츠,,,,,,
つつ周り,ブーツ女性,3086,レインブーツ,レディースファッション/ブーツ,,,,종아리 둘레,부츠 여성,3086,레인부츠,,,,,,
高さ,ブーツ女性,3087,ブーツその他,レディースファッション/ブーツ,,,,높이,부츠 여성,3087,부츠 기타,,,,,,
ヒール高,ブーツ女性,3087,ブーツその他,レディースファッション/ブーツ,,,,굽 높이,부츠 여성,3087,부츠 기타,,,,,,
つつ周り,ブーツ女性,3087,ブーツその他,レディースファッション/ブーツ,,,,종아리 둘레,부츠 여성,3087,부츠 기타,,,,,,
ヒール高,シューズ,3088,フラットシューズ,レディースファッション/靴・シューズ,,,,굽 높이,슈즈,3088,플랫슈즈,,,,,,
幅,バッグ持ち手あり,3100,トートバッグ,レディースファッション/バッグ・カバン,,,,가로,가방 손잡이 있음,3100,토트백,,,,,,
高さ,バッグ持ち手あり,3100,トートバッグ,レディースファッション/バッグ・カバン,,,,세로,가방 손잡이 있음,3100,토트백,,,,,,
マチ,バッグ持ち手あり,3100,トートバッグ,レディースファッション/バッグ・カバン,,,,폭(마치),가방 손잡이 있음,3100,토트백,,,,,,
持ち手,バッグ持ち手あり,3100,トートバッグ,レディースファッション/バッグ・カバン,,,,손잡이 길이,가방 손잡이 있음,3100,토트백,,,,,,
幅,バッグ持ち手あり,3101,ハンドバッグ,レディースファッション/バッグ・カバン,,,,가로,가방 손잡이 있음,3101,핸드백,,,,,,
高さ,バッグ持ち手あり,3101,ハンドバッグ,レディースファッション/バッグ・カバン,,,,세로,가방 손잡이 있음,3101,핸드백,,,,,,
マチ,バッグ持ち手あり,3101,ハンドバッグ,レディースファッション/バッグ・カバン,,,,폭(마치),가방 손잡이 있음,3101,핸드백,,,,,,
持ち手,バッグ持ち手あり,3101,ハンドバッグ,レディースファッション/バッグ・カバン,,,,손잡이 길이,가방 손잡이 있음,3101,핸드백,,,,,,
幅,バッグ持ち手あり,3102,エコバッグ,レディースファッション/バッグ・カバン,,,,가로,가방 손잡이 있음,3102,에코백,,,,,,
高さ,バッグ持ち手あり,3102,エコバッグ,レディースファッション/バッグ・カバン,,,,세로,가방 손잡이 있음,3102,에코백,,,,,,
マチ,バッグ持ち手あり,3102,エコバッグ,レディースファッション/バッグ・カバン,,,,폭(마치),가방 손잡이 있음,3102,에코백,,,,,,
持ち手,バッグ持ち手あり,3102,エコバッグ,レディースファッション/バッグ・カバン,,,,손잡이 길이,가방 손잡이 있음,3102,에코백,,,,,,
幅,バッグ持ち手あり,3103,かごバッグ,レディースファッション/バッグ・カバン,,,,가로,가방 손잡이 있음,3103,카고백,,,,,,
高さ,バッグ持ち手あり,3103,かごバッグ,レディースファッション/バッグ・カバン,,,,세로,가방 손잡이 있음,3103,카고백,,,,,,
マチ,バッグ持ち手あり,3103,かごバッグ,レディースファッション/バッグ・カバン,,,,폭(마치),가방 손잡이 있음,3103,카고백,,,,,,
持ち手,バッグ持ち手あり,3103,かごバッグ,レディースファッション/バッグ・カバン,,,,손잡이 길이,가방 손잡이 있음,3103,카고백,,,,,,
幅,バッグ持ち手なし,3104,クラッチバッグ,レディースファッション/バッグ・カバン,,,,가로,가방 손잡이 없음,3104,클러치백,,,,,,
高さ,バッグ持ち手なし,3104,クラッチバッグ,レディースファッション/バッグ・カバン,,,,세로,가방 손잡이 없음,3104,클러치백,,,,,,
マチ,バッグ持ち手なし,3104,クラッチバッグ,レディースファッション/バッグ・カバン,,,,폭(마치),가방 손잡이 없음,3104,클러치백,,,,,,
幅,バッグストラップ,3105,ショルダーバッグ・ポシェット,レディースファッション/バッグ・カバン,,,,가로,가방 스트랩,3105,숄더백·포셰트,,,,,,
高さ,バッグストラップ,3105,ショルダーバッグ・ポシェット,レディースファッション/バッグ・カバン,,,,세로,가방 스트랩,3105,숄더백·포셰트,,,,,,
マチ,バッグストラップ,3105,ショルダーバッグ・ポシェット,レディースファッション/バッグ・カバン,,,,폭(마치),가방 스트랩,3105,숄더백·포셰트,,,,,,
ストラップ,バッグストラップ,3105,ショルダーバッグ・ポシェット,レディースファッション/バッグ・カバン,,,,스트랩 길이,가방 스트랩,3105,숄더백·포셰트,,,,,,
幅,バッグ持ち手あり,3106,ボストンバッグ,レディースファッション/バッグ・カバン,,,,가로,가방 손잡이 있음,3106,보스턴백,,,,,,
高さ,バッグ持ち手あり,3106,ボストンバッグ,レディースファッション/バッグ・カバン,,,,세로,가방 손잡이 있음,3106,보스턴백,,,,,,
マチ,バッグ持ち手あり,3106,ボストンバッグ,レディースファッション/バッグ・カバン,,,,폭(마치),가방 손잡이 있음,3106,보스턴백,,,,,,
持ち手,バッグ持ち手あり,3106,ボストンバッグ,レディースファッション/バッグ・カバン,,,,손잡이 길이,가방 손잡이 있음,3106,보스턴백,,,,,,
幅,バッグ持ち手なし,3107,バックパック・リュック,レディースファッション/バッグ・カバン,,,,가로,가방 손잡이 없음,3107,백팩·배낭,,,,,,
高さ,バッグ持ち手なし,3107,バックパック・リュック,レディースファッション/バッグ・カバン,,,,세로,가방 손잡이 없음,3107,백팩·배낭,,,,,,
マチ,バッグ持ち手なし,3107,バックパック・リュック,レディースファッション/バッグ・カバン,,,,폭(마치),가방 손잡이 없음,3107,백팩·배낭,,,,,,
幅,バッグ持ち手あり,3108,バッグ・カバンその他,レディースファッション/バッグ・カバン,,,,가로,가방 손잡이 있음,3108,가방 기타,,,,,,
高さ,バッグ持ち手あり,3108,バッグ・カバンその他,レディースファッション/バッグ・カバン,,,,세로,가방 손잡이 있음,3108,가방 기타,,,,,,
マチ,バッグ持ち手あり,3108,バッグ・カバンその他,レディースファッション/バッグ・カバン,,,,폭(마치),가방 손잡이 있음,3108,가방 기타,,,,,,
持ち手,バッグ持ち手あり,3108,バッグ・カバンその他,レディースファッション/バッグ・カバン,,,,손잡이 길이,가방 손잡이 있음,3108,가방 기타,,,,,,
縦,財布系,3111,折りたたみ財布,レディースファッション/財布・小物,,,,세로,지갑 계열,3111,반지갑,,,,,,
横,財布系,3111,折りたたみ財布,レディースファッション/財布・小物,,,,가로,지갑 계열,3111,반지갑,,,,,,
厚み,財布系,3111,折りたたみ財布,レディースファッション/財布・小物,,,,두께,지갑 계열,3111,반지갑,,,,,,
縦,財布系,3112,コインケース・小銭入れ,レディースファッション/財布・小物,,,,세로,지갑 계열,3112,코인 케이스·동전지갑,,,,,,
横,財布系,3112,コインケース・小銭入れ,レディースファッション/財布・小物,,,,가로,지갑 계열,3112,코인 케이스·동전지갑,,,,,,
厚み,財布系,3112,コインケース・小銭入れ,レディースファッション/財布・小物,,,,두께,지갑 계열,3112,코인 케이스·동전지갑,,,,,,
縦,財布系,3113,カードケース・名刺入れ,レディースファッション/財布・小物,,,,세로,지갑 계열,3113,카드 케이스·명함 지갑,,,,,,
横,財布系,3113,カードケース・名刺入れ,レディースファッション/財布・小物,,,,가로,지갑 계열,3113,카드 케이스·명함 지갑,,,,,,
厚み,財布系,3113,カードケース・名刺入れ,レディースファッション/財布・小物,,,,두께,지갑 계열,3113,카드 케이스·명함 지갑,,,,,,
縦,財布系,3114,財布・小物その他,レディースファッション/財布・小物,,,,세로,지갑 계열,3114,지갑·소품 기타,,,,,,
横,財布系,3114,財布・小物その他,レディースファッション/財布・小物,,,,가로,지갑 계열,3114,지갑·소품 기타,,,,,,
厚み,財布系,3114,財布・小物その他,レディースファッション/財布・小物,,,,두께,지갑 계열,3114,지갑·소품 기타,,,,,,
長さ,ネックレス,3120,ネックレス・ペンダント,レディースファッション/アクセサリー,,,,길이,목걸이,3120,목걸이·펜던트,,,,,,
トップ縦,ネックレス,3120,ネックレス・ペンダント,レディースファッション/アクセサリー,,,,펜던트 세로,목걸이,3120,목걸이·펜던트,,,,,,
トップ横,ネックレス,3120,ネックレス・ペンダント,レディースファッション/アクセサリー,,,,펜던트 가로,목걸이,3120,목걸이·펜던트,,,,,,
縦,イヤリング,3121,ピアス,レディースファッション/アクセサリー,,,,세로,귀걸이,3121,피어싱,,,,,,
横,イヤリング,3121,ピアス,レディースファッション/アクセサリー,,,,가로,귀걸이,3121,피어싱,,,,,,
幅,指輪,3122,指輪・リング,レディースファッション/アクセサリー,,,,너비,반지,3122,반지·링,,,,,,
円周,指輪,3122,指輪・リング,レディースファッション/アクセサリー,,,,둘레,반지,3122,반지·링,,,,,,
幅,腕時計,3126,アナログ腕時計,レディースファッション/腕時計,,,,너비,손목시계,3126,아날로그 손목시계,,,,,,
手首周り,腕時計,3126,アナログ腕時計,レディースファッション/腕時計,,,,손목 둘레,손목시계,3126,아날로그 손목시계,,,,,,
文字盤縦,腕時計,3126,アナログ腕時計,レディースファッション/腕時計,,,,다이얼 세로,손목시계,3126,아날로그 손목시계,,,,,,
文字盤横,腕時計,3126,アナログ腕時計,レディースファッション/腕時計,,,,다이얼 가로,손목시계,3126,아날로그 손목시계,,,,,,
幅,腕時計,3127,デジタル腕時計,レディースファッション/腕時計,,,,너비,손목시계,3127,디지털 손목시계,,,,,,
手首周り,腕時計,3127,デジタル腕時計,レディースファッション/腕時計,,,,손목 둘레,손목시계,3127,디지털 손목시계,,,,,,
文字盤縦,腕時計,3127,デジタル腕時計,レディースファッション/腕時計,,,,다이얼 세로,손목시계,3127,디지털 손목시계,,,,,,
文字盤横,腕時計,3127,デジタル腕時計,レディースファッション/腕時計,,,,다이얼 가로,손목시계,3127,디지털 손목시계,,,,,,
幅,腕時計,3128,腕時計その他,レディースファッション/腕時計,,,,너비,손목시계,3128,손목시계 기타,,,,,,
手首周り,腕時計,3128,腕時計その他,レディースファッション/腕時計,,,,손목 둘레,손목시계,3128,손목시계 기타,,,,,,
文字盤縦,腕時計,3128,腕時計その他,レディースファッション/腕時計,,,,다이얼 세로,손목시계,3128,손목시계 기타,,,,,,
文字盤横,腕時計,3128,腕時計その他,レディースファッション/腕時計,,,,다이얼 가로,손목시계,3128,손목시계 기타,,,,,,
幅,ブレスレット,3129,ブレスレット,レディースファッション/アクセサリー,,,,너비,팔찌,3129,팔찌,,,,,,
長さ,ブレスレット,3129,ブレスレット,レディースファッション/アクセサリー,,,,길이,팔찌,3129,팔찌,,,,,,
幅,ブレスレット,3130,アンクレット,レディースファッション/アクセサリー,,,,너비,팔찌,3130,발찌,,,,,,
長さ,ブレスレット,3130,アンクレット,レディースファッション/アクセサリー,,,,길이,팔찌,3130,발찌,,,,,,
フレーム縦,アイウェア,3140,サングラス,レディースファッション/アイウェア,,,,프레임 세로,아이웨어,3140,선글라스,,,,,,
フレーム横 ,アイウェア,3140,サングラス,レディースファッション/アイウェア,,,,프레임 가로,아이웨어,3140,선글라스,,,,,,
レンズ縦,アイウェア,3140,サングラス,レディースファッション/アイウェア,,,,렌즈 세로,아이웨어,3140,선글라스,,,,,,
レンズ横,アイウェア,3140,サングラス,レディースファッション/アイウェア,,,,렌즈 가로,아이웨어,3140,선글라스,,,,,,
テンプル,アイウェア,3140,サングラス,レディースファッション/アイウェア,,,,템플(안경다리),아이웨어,3140,선글라스,,,,,,
フレーム縦,アイウェア,3141,メガネ,レディースファッション/アイウェア,,,,프레임 세로,아이웨어,3141,안경,,,,,,
フレーム横 ,アイウェア,3141,メガネ,レディースファッション/アイウェア,,,,프레임 가로,아이웨어,3141,안경,,,,,,
レンズ縦,アイウェア,3141,メガネ,レディースファッション/アイウェア,,,,렌즈 세로,아이웨어,3141,안경,,,,,,
レンズ横,アイウェア,3141,メガネ,レディースファッション/アイウェア,,,,렌즈 가로,아이웨어,3141,안경,,,,,,
テンプル,アイウェア,3141,メガネ,レディースファッション/アイウェア,,,,템플(안경다리),아이웨어,3141,안경,,,,,,
フレーム縦,アイウェア,3142,アイウェアその他,レディースファッション/アイウェア,,,,프레임 세로,아이웨어,3142,아이웨어 기타,,,,,,
フレーム横 ,アイウェア,3142,アイウェアその他,レディースファッション/アイウェア,,,,프레임 가로,아이웨어,3142,아이웨어 기타,,,,,,
レンズ縦,アイウェア,3142,アイウェアその他,レディースファッション/アイウェア,,,,렌즈 세로,아이웨어,3142,아이웨어 기타,,,,,,
レンズ横,アイウェア,3142,アイウェアその他,レディースファッション/アイウェア,,,,렌즈 가로,아이웨어,3142,아이웨어 기타,,,,,,
テンプル,アイウェア,3142,アイウェアその他,レディースファッション/アイウェア,,,,템플(안경다리),아이웨어,3142,아이웨어 기타,,,,,,
幅,マフラー・スカーフ,3161,スカーフ,レディースファッション/ファッション雑貨・小物,,,,너비,머플러·스카프,3161,스카프,,,,,,
長さ,マフラー・スカーフ,3161,スカーフ,レディースファッション/ファッション雑貨・小物,,,,길이,머플러·스카프,3161,스카프,,,,,,
幅,マフラー・スカーフ,3162,マフラー・ストール,レディースファッション/ファッション雑貨・小物,,,,너비,머플러·스카프,3162,머플러·스톨,,,,,,
長さ,マフラー・スカーフ,3162,マフラー・ストール,レディースファッション/ファッション雑貨・小物,,,,길이,머플러·스카프,3162,머플러·스톨,,,,,,
手首周り,手袋,3163,手袋,レディースファッション/ファッション雑貨・小物,,,,손목 둘레,장갑,3163,장갑,,,,,,
全長,手袋,3163,手袋,レディースファッション/ファッション雑貨・小物,,,,총길이,장갑,3163,장갑,,,,,,
ウエスト,ベルト,3164,ベルト,レディースファッション/ファッション雑貨・小物,,,,허리둘레,벨트,3164,벨트,,,,,,
幅,ベルト,3164,ベルト,レディースファッション/ファッション雑貨・小物,,,,너비,벨트,3164,벨트,,,,,,
全長,ベルト,3164,ベルト,レディースファッション/ファッション雑貨・小物,,,,총길이,벨트,3164,벨트,,,,,,
縦,財布系,3169,長財布,レディースファッション/財布・小物,,,,세로,지갑 계열,3169,장지갑,,,,,,
横,財布系,3169,長財布,レディースファッション/財布・小物,,,,가로,지갑 계열,3169,장지갑,,,,,,
厚み,財布系,3169,長財布,レディースファッション/財布・小物,,,,두께,지갑 계열,3169,장지갑,,,,,,
幅,バッグ持ち手なし,3170,ポーチ,レディースファッション/財布・小物,,,,가로,가방 손잡이 없음,3170,파우치,,,,,,
高さ,バッグ持ち手なし,3170,ポーチ,レディースファッション/財布・小物,,,,세로,가방 손잡이 없음,3170,파우치,,,,,,
マチ,バッグ持ち手なし,3170,ポーチ,レディースファッション/財布・小物,,,,폭(마치),가방 손잡이 없음,3170,파우치,,,,,,
ヒップ,下着女性ショーツ,3200,ショーツ,レディースファッション/インナー・ルームウェア,,,,힙둘레,여성 속옷 쇼츠,3200,쇼츠(팬티),,,,,,
着丈,トップス袖なし,3201,スリップ・インナー・キャミ,レディースファッション/インナー・ルームウェア,,,,총장,상의 소매 없음,3201,슬립·인너·캐미솔,,,,,,
胸囲,トップス袖なし,3201,スリップ・インナー・キャミ,レディースファッション/インナー・ルームウェア,,,,가슴둘레,상의 소매 없음,3201,슬립·인너·캐미솔,,,,,,
トップ,下着女性ブラジャー,3202,ブラジャー,レディースファッション/インナー・ルームウェア,,,,톱(가슴둘레),여성 속옷 브래지어,3202,브래지어,,,,,,
アンダー,下着女性ブラジャー,3202,ブラジャー,レディースファッション/インナー・ルームウェア,,,,언더(밑가슴둘레),여성 속옷 브래지어,3202,브래지어,,,,,,
ヒップ,下着女性ブラジャー＆ショーツ,3203,ブラジャー＆ショーツ,レディースファッション/インナー・ルームウェア,,,,힙둘레,여성 속옷 브라&쇼츠,3203,브래지어 & 쇼츠,,,,,,
トップ,下着女性ブラジャー＆ショーツ,3203,ブラジャー＆ショーツ,レディースファッション/インナー・ルームウェア,,,,톱(가슴둘레),여성 속옷 브라&쇼츠,3203,브래지어 & 쇼츠,,,,,,
アンダー,下着女性ブラジャー＆ショーツ,3203,ブラジャー＆ショーツ,レディースファッション/インナー・ルームウェア,,,,언더(밑가슴둘레),여성 속옷 브라&쇼츠,3203,브래지어 & 쇼츠,,,,,,
着丈,ワンピース系,3243,パーティードレス,レディースファッション/ブライダル・パーティー,,,,총장,원피스 계열,3243,파티 드레스,,,,,,
肩幅,ワンピース系,3243,パーティードレス,レディースファッション/ブライダル・パーティー,,,,어깨너비,원피스 계열,3243,파티 드레스,,,,,,
胸囲,ワンピース系,3243,パーティードレス,レディースファッション/ブライダル・パーティー,,,,가슴둘레,원피스 계열,3243,파티 드레스,,,,,,
袖丈,ワンピース系,3243,パーティードレス,レディースファッション/ブライダル・パーティー,,,,소매길이,원피스 계열,3243,파티 드레스,,,,,,
ウエスト,ワンピース系,3243,パーティードレス,レディースファッション/ブライダル・パーティー,,,,허리둘레,원피스 계열,3243,파티 드레스,,,,,,
ヒップ,ワンピース系,3243,パーティードレス,レディースファッション/ブライダル・パーティー,,,,힙둘레,원피스 계열,3243,파티 드레스,,,,,,
着丈,ワンピース系,3245,ウェディングドレス,レディースファッション/ブライダル・パーティー,,,,총장,원피스 계열,3245,웨딩 드레스,,,,,,
肩幅,ワンピース系,3245,ウェディングドレス,レディースファッション/ブライダル・パーティー,,,,어깨너비,원피스 계열,3245,웨딩 드레스,,,,,,
胸囲,ワンピース系,3245,ウェディングドレス,レディースファッション/ブライダル・パーティー,,,,가슴둘레,원피스 계열,3245,웨딩 드레스,,,,,,
袖丈,ワンピース系,3245,ウェディングドレス,レディースファッション/ブライダル・パーティー,,,,소매길이,원피스 계열,3245,웨딩 드레스,,,,,,
ウエスト,ワンピース系,3245,ウェディングドレス,レディースファッション/ブライダル・パーティー,,,,허리둘레,원피스 계열,3245,웨딩 드레스,,,,,,
ヒップ,ワンピース系,3245,ウェディングドレス,レディースファッション/ブライダル・パーティー,,,,힙둘레,원피스 계열,3245,웨딩 드레스,,,,,,
ヒール高,シューズ,3247,ウェディングシューズ,レディースファッション/ブライダル・パーティー,,,,굽 높이,슈즈,3247,웨딩 슈즈,,,,,,
ヒール高,シューズ,3254,パーティーシューズ,レディースファッション/靴・シューズ,,,,굽 높이,슈즈,3254,파티 슈즈,,,,,,
幅,バッグ持ち手あり,3255,パーティーバッグ,レディースファッション/バッグ・カバン,,,,가로,가방 손잡이 있음,3255,파티 백,,,,,,
高さ,バッグ持ち手あり,3255,パーティーバッグ,レディースファッション/バッグ・カバン,,,,세로,가방 손잡이 있음,3255,파티 백,,,,,,
マチ,バッグ持ち手あり,3255,パーティーバッグ,レディースファッション/バッグ・カバン,,,,폭(마치),가방 손잡이 있음,3255,파티 백,,,,,,
持ち手,バッグ持ち手あり,3255,パーティーバッグ,レディースファッション/バッグ・カバン,,,,손잡이 길이,가방 손잡이 있음,3255,파티 백,,,,,,
着丈,トップス袖あり,3257,フリースジャケット,レディースファッション/アウター,,,,총장,상의 소매 있음,3257,후리스 재킷,,,,,,
肩幅,トップス袖あり,3257,フリースジャケット,レディースファッション/アウター,,,,어깨너비,상의 소매 있음,3257,후리스 재킷,,,,,,
胸囲,トップス袖あり,3257,フリースジャケット,レディースファッション/アウター,,,,가슴둘레,상의 소매 있음,3257,후리스 재킷,,,,,,
袖丈,トップス袖あり,3257,フリースジャケット,レディースファッション/アウター,,,,소매길이,상의 소매 있음,3257,후리스 재킷,,,,,,
縦,イヤリング,3259,ブローチ・コサージュ,レディースファッション/アクセサリー,,,,세로,귀걸이,3259,브로치·코사지,,,,,,
横,イヤリング,3259,ブローチ・コサージュ,レディースファッション/アクセサリー,,,,가로,귀걸이,3259,브로치·코사지,,,,,,
着丈,トップス袖あり,3260,Tシャツ・カットソー,メンズファッション/トップス,,,,총장,상의 소매 있음,3260,T셔츠·커트소,,,,,,
肩幅,トップス袖あり,3260,Tシャツ・カットソー,メンズファッション/トップス,,,,어깨너비,상의 소매 있음,3260,T셔츠·커트소,,,,,,
胸囲,トップス袖あり,3260,Tシャツ・カットソー,メンズファッション/トップス,,,,가슴둘레,상의 소매 있음,3260,T셔츠·커트소,,,,,,
袖丈,トップス袖あり,3260,Tシャツ・カットソー,メンズファッション/トップス,,,,소매길이,상의 소매 있음,3260,T셔츠·커트소,,,,,,
着丈,トップス袖あり,3261,ポロシャツ,メンズファッション/トップス,,,,총장,상의 소매 있음,3261,폴로 셔츠,,,,,,
肩幅,トップス袖あり,3261,ポロシャツ,メンズファッション/トップス,,,,어깨너비,상의 소매 있음,3261,폴로 셔츠,,,,,,
胸囲,トップス袖あり,3261,ポロシャツ,メンズファッション/トップス,,,,가슴둘레,상의 소매 있음,3261,폴로 셔츠,,,,,,
袖丈,トップス袖あり,3261,ポロシャツ,メンズファッション/トップス,,,,소매길이,상의 소매 있음,3261,폴로 셔츠,,,,,,
着丈,トップス袖あり,3263,シャツ,メンズファッション/トップス,,,,총장,상의 소매 있음,3263,셔츠,,,,,,
肩幅,トップス袖あり,3263,シャツ,メンズファッション/トップス,,,,어깨너비,상의 소매 있음,3263,셔츠,,,,,,
胸囲,トップス袖あり,3263,シャツ,メンズファッション/トップス,,,,가슴둘레,상의 소매 있음,3263,셔츠,,,,,,
袖丈,トップス袖あり,3263,シャツ,メンズファッション/トップス,,,,소매길이,상의 소매 있음,3263,셔츠,,,,,,
着丈,トップス袖あり,3264,パーカー・フーディ,メンズファッション/トップス,,,,총장,상의 소매 있음,3264,파카·후디,,,,,,
肩幅,トップス袖あり,3264,パーカー・フーディ,メンズファッション/トップス,,,,어깨너비,상의 소매 있음,3264,파카·후디,,,,,,
胸囲,トップス袖あり,3264,パーカー・フーディ,メンズファッション/トップス,,,,가슴둘레,상의 소매 있음,3264,파카·후디,,,,,,
袖丈,トップス袖あり,3264,パーカー・フーディ,メンズファッション/トップス,,,,소매길이,상의 소매 있음,3264,파카·후디,,,,,,
着丈,トップス袖あり,3265,スウェット・トレーナー,メンズファッション/トップス,,,,총장,상의 소매 있음,3265,스웨트·맨투맨,,,,,,
肩幅,トップス袖あり,3265,スウェット・トレーナー,メンズファッション/トップス,,,,어깨너비,상의 소매 있음,3265,스웨트·맨투맨,,,,,,
胸囲,トップス袖あり,3265,スウェット・トレーナー,メンズファッション/トップス,,,,가슴둘레,상의 소매 있음,3265,스웨트·맨투맨,,,,,,
袖丈,トップス袖あり,3265,スウェット・トレーナー,メンズファッション/トップス,,,,소매길이,상의 소매 있음,3265,스웨트·맨투맨,,,,,,
着丈,トップス袖あり,3266,ニット・セーター,メンズファッション/トップス,,,,총장,상의 소매 있음,3266,니트·세터,,,,,,
肩幅,トップス袖あり,3266,ニット・セーター,メンズファッション/トップス,,,,어깨너비,상의 소매 있음,3266,니트·세터,,,,,,
胸囲,トップス袖あり,3266,ニット・セーター,メンズファッション/トップス,,,,가슴둘레,상의 소매 있음,3266,니트·세터,,,,,,
袖丈,トップス袖あり,3266,ニット・セーター,メンズファッション/トップス,,,,소매길이,상의 소매 있음,3266,니트·세터,,,,,,
着丈,トップス袖あり,3268,トップスその他,メンズファッション/トップス,,,,총장,상의 소매 있음,3268,상의 기타,,,,,,
肩幅,トップス袖あり,3268,トップスその他,メンズファッション/トップス,,,,어깨너비,상의 소매 있음,3268,상의 기타,,,,,,
胸囲,トップス袖あり,3268,トップスその他,メンズファッション/トップス,,,,가슴둘레,상의 소매 있음,3268,상의 기타,,,,,,
袖丈,トップス袖あり,3268,トップスその他,メンズファッション/トップス,,,,소매길이,상의 소매 있음,3268,상의 기타,,,,,,
着丈,トップス袖なし,3269,タンクトップ,メンズファッション/トップス,,,,총장,상의 소매 없음,3269,탱크톱,,,,,,
胸囲,トップス袖なし,3269,タンクトップ,メンズファッション/トップス,,,,가슴둘레,상의 소매 없음,3269,탱크톱,,,,,,
ウエスト,ボトムスパンツ,3281,デニム・ジーパン,メンズファッション/パンツ・ボトムス,,,,허리둘레,하의 팬츠,3281,데님·청바지,,,,,,
ヒップ,ボトムスパンツ,3281,デニム・ジーパン,メンズファッション/パンツ・ボトムス,,,,힙둘레,하의 팬츠,3281,데님·청바지,,,,,,
股上,ボトムスパンツ,3281,デニム・ジーパン,メンズファッション/パンツ・ボトムス,,,,밑위,하의 팬츠,3281,데님·청바지,,,,,,
股下,ボトムスパンツ,3281,デニム・ジーパン,メンズファッション/パンツ・ボトムス,,,,인심,하의 팬츠,3281,데님·청바지,,,,,,
もも周り,ボトムスパンツ,3281,デニム・ジーパン,メンズファッション/パンツ・ボトムス,,,,허벅지 둘레,하의 팬츠,3281,데님·청바지,,,,,,
すそ周り,ボトムスパンツ,3281,デニム・ジーパン,メンズファッション/パンツ・ボトムス,,,,밑단 둘레,하의 팬츠,3281,데님·청바지,,,,,,
ウエスト,ボトムスパンツ,3282,ハーフ・ショートパンツ,メンズファッション/パンツ・ボトムス,,,,허리둘레,하의 팬츠,3282,하프·숏팬츠,,,,,,
ヒップ,ボトムスパンツ,3282,ハーフ・ショートパンツ,メンズファッション/パンツ・ボトムス,,,,힙둘레,하의 팬츠,3282,하프·숏팬츠,,,,,,
股上,ボトムスパンツ,3282,ハーフ・ショートパンツ,メンズファッション/パンツ・ボトムス,,,,밑위,하의 팬츠,3282,하프·숏팬츠,,,,,,
股下,ボトムスパンツ,3282,ハーフ・ショートパンツ,メンズファッション/パンツ・ボトムス,,,,인심,하의 팬츠,3282,하프·숏팬츠,,,,,,
もも周り,ボトムスパンツ,3282,ハーフ・ショートパンツ,メンズファッション/パンツ・ボトムス,,,,허벅지 둘레,하의 팬츠,3282,하프·숏팬츠,,,,,,
すそ周り,ボトムスパンツ,3282,ハーフ・ショートパンツ,メンズファッション/パンツ・ボトムス,,,,밑단 둘레,하의 팬츠,3282,하프·숏팬츠,,,,,,
ウエスト,ボトムスパンツ,3285,パンツ・ボトムスその他,メンズファッション/パンツ・ボトムス,,,,허리둘레,하의 팬츠,3285,팬츠·하의 기타,,,,,,
ヒップ,ボトムスパンツ,3285,パンツ・ボトムスその他,メンズファッション/パンツ・ボトムス,,,,힙둘레,하의 팬츠,3285,팬츠·하의 기타,,,,,,
股上,ボトムスパンツ,3285,パンツ・ボトムスその他,メンズファッション/パンツ・ボトムス,,,,밑위,하의 팬츠,3285,팬츠·하의 기타,,,,,,
股下,ボトムスパンツ,3285,パンツ・ボトムスその他,メンズファッション/パンツ・ボトムス,,,,인심,하의 팬츠,3285,팬츠·하의 기타,,,,,,
もも周り,ボトムスパンツ,3285,パンツ・ボトムスその他,メンズファッション/パンツ・ボトムス,,,,허벅지 둘레,하의 팬츠,3285,팬츠·하의 기타,,,,,,
すそ周り,ボトムスパンツ,3285,パンツ・ボトムスその他,メンズファッション/パンツ・ボトムス,,,,밑단 둘레,하의 팬츠,3285,팬츠·하의 기타,,,,,,
着丈,トップス袖あり,3300,コートその他,メンズファッション/アウター・ジャケット,,,,총장,상의 소매 있음,3300,코트 기타,,,,,,
肩幅,トップス袖あり,3300,コートその他,メンズファッション/アウター・ジャケット,,,,어깨너비,상의 소매 있음,3300,코트 기타,,,,,,
胸囲,トップス袖あり,3300,コートその他,メンズファッション/アウター・ジャケット,,,,가슴둘레,상의 소매 있음,3300,코트 기타,,,,,,
袖丈,トップス袖あり,3300,コートその他,メンズファッション/アウター・ジャケット,,,,소매길이,상의 소매 있음,3300,코트 기타,,,,,,
着丈,トップス袖あり,3301,ジャケットその他,メンズファッション/アウター・ジャケット,,,,총장,상의 소매 있음,3301,재킷 기타,,,,,,
肩幅,トップス袖あり,3301,ジャケットその他,メンズファッション/アウター・ジャケット,,,,어깨너비,상의 소매 있음,3301,재킷 기타,,,,,,
胸囲,トップス袖あり,3301,ジャケットその他,メンズファッション/アウター・ジャケット,,,,가슴둘레,상의 소매 있음,3301,재킷 기타,,,,,,
袖丈,トップス袖あり,3301,ジャケットその他,メンズファッション/アウター・ジャケット,,,,소매길이,상의 소매 있음,3301,재킷 기타,,,,,,
着丈,トップス袖あり,3302,ダウンジャケット,メンズファッション/アウター・ジャケット,,,,총장,상의 소매 있음,3302,다운 재킷,,,,,,
肩幅,トップス袖あり,3302,ダウンジャケット,メンズファッション/アウター・ジャケット,,,,어깨너비,상의 소매 있음,3302,다운 재킷,,,,,,
胸囲,トップス袖あり,3302,ダウンジャケット,メンズファッション/アウター・ジャケット,,,,가슴둘레,상의 소매 있음,3302,다운 재킷,,,,,,
袖丈,トップス袖あり,3302,ダウンジャケット,メンズファッション/アウター・ジャケット,,,,소매길이,상의 소매 있음,3302,다운 재킷,,,,,,
着丈,トップス袖あり,3303,ブルゾン,メンズファッション/アウター・ジャケット,,,,총장,상의 소매 있음,3303,블루종,,,,,,
肩幅,トップス袖あり,3303,ブルゾン,メンズファッション/アウター・ジャケット,,,,어깨너비,상의 소매 있음,3303,블루종,,,,,,
胸囲,トップス袖あり,3303,ブルゾン,メンズファッション/アウター・ジャケット,,,,가슴둘레,상의 소매 있음,3303,블루종,,,,,,
袖丈,トップス袖あり,3303,ブルゾン,メンズファッション/アウター・ジャケット,,,,소매길이,상의 소매 있음,3303,블루종,,,,,,
着丈,トップス袖あり,3304,アウターその他,メンズファッション/アウター・ジャケット,,,,총장,상의 소매 있음,3304,아우터 기타,,,,,,
肩幅,トップス袖あり,3304,アウターその他,メンズファッション/アウター・ジャケット,,,,어깨너비,상의 소매 있음,3304,아우터 기타,,,,,,
胸囲,トップス袖あり,3304,アウターその他,メンズファッション/アウター・ジャケット,,,,가슴둘레,상의 소매 있음,3304,아우터 기타,,,,,,
袖丈,トップス袖あり,3304,アウターその他,メンズファッション/アウター・ジャケット,,,,소매길이,상의 소매 있음,3304,아우터 기타,,,,,,
着丈,トップス袖あり,3305,レザージャケット,メンズファッション/アウター・ジャケット,,,,총장,상의 소매 있음,3305,가죽 재킷,,,,,,
肩幅,トップス袖あり,3305,レザージャケット,メンズファッション/アウター・ジャケット,,,,어깨너비,상의 소매 있음,3305,가죽 재킷,,,,,,
胸囲,トップス袖あり,3305,レザージャケット,メンズファッション/アウター・ジャケット,,,,가슴둘레,상의 소매 있음,3305,가죽 재킷,,,,,,
袖丈,トップス袖あり,3305,レザージャケット,メンズファッション/アウター・ジャケット,,,,소매길이,상의 소매 있음,3305,가죽 재킷,,,,,,
着丈,トップス袖あり,3306,ピーコート,メンズファッション/アウター・ジャケット,,,,총장,상의 소매 있음,3306,피코트,,,,,,
肩幅,トップス袖あり,3306,ピーコート,メンズファッション/アウター・ジャケット,,,,어깨너비,상의 소매 있음,3306,피코트,,,,,,
胸囲,トップス袖あり,3306,ピーコート,メンズファッション/アウター・ジャケット,,,,가슴둘레,상의 소매 있음,3306,피코트,,,,,,
袖丈,トップス袖あり,3306,ピーコート,メンズファッション/アウター・ジャケット,,,,소매길이,상의 소매 있음,3306,피코트,,,,,,
着丈,トップス袖あり,3307,ダッフルコート,メンズファッション/アウター・ジャケット,,,,총장,상의 소매 있음,3307,더플 코트,,,,,,
肩幅,トップス袖あり,3307,ダッフルコート,メンズファッション/アウター・ジャケット,,,,어깨너비,상의 소매 있음,3307,더플 코트,,,,,,
胸囲,トップス袖あり,3307,ダッフルコート,メンズファッション/アウター・ジャケット,,,,가슴둘레,상의 소매 있음,3307,더플 코트,,,,,,
袖丈,トップス袖あり,3307,ダッフルコート,メンズファッション/アウター・ジャケット,,,,소매길이,상의 소매 있음,3307,더플 코트,,,,,,
着丈,トップス袖あり,3308,トレンチコート,メンズファッション/アウター・ジャケット,,,,총장,상의 소매 있음,3308,트렌치 코트,,,,,,
肩幅,トップス袖あり,3308,トレンチコート,メンズファッション/アウター・ジャケット,,,,어깨너비,상의 소매 있음,3308,트렌치 코트,,,,,,
胸囲,トップス袖あり,3308,トレンチコート,メンズファッション/アウター・ジャケット,,,,가슴둘레,상의 소매 있음,3308,트렌치 코트,,,,,,
袖丈,トップス袖あり,3308,トレンチコート,メンズファッション/アウター・ジャケット,,,,소매길이,상의 소매 있음,3308,트렌치 코트,,,,,,
着丈,トップス袖あり,3309,カーディガン,メンズファッション/トップス,,,,총장,상의 소매 있음,3309,가디건,,,,,,
肩幅,トップス袖あり,3309,カーディガン,メンズファッション/トップス,,,,어깨너비,상의 소매 있음,3309,가디건,,,,,,
胸囲,トップス袖あり,3309,カーディガン,メンズファッション/トップス,,,,가슴둘레,상의 소매 있음,3309,가디건,,,,,,
袖丈,トップス袖あり,3309,カーディガン,メンズファッション/トップス,,,,소매길이,상의 소매 있음,3309,가디건,,,,,,
着丈,トップス袖あり,3310,ジャージ,メンズファッション/アウター・ジャケット,,,,총장,상의 소매 있음,3310,저지,,,,,,
肩幅,トップス袖あり,3310,ジャージ,メンズファッション/アウター・ジャケット,,,,어깨너비,상의 소매 있음,3310,저지,,,,,,
胸囲,トップス袖あり,3310,ジャージ,メンズファッション/アウター・ジャケット,,,,가슴둘레,상의 소매 있음,3310,저지,,,,,,
袖丈,トップス袖あり,3310,ジャージ,メンズファッション/アウター・ジャケット,,,,소매길이,상의 소매 있음,3310,저지,,,,,,
着丈,トップス袖なし,3311,ダウンベスト,メンズファッション/アウター・ジャケット,,,,총장,상의 소매 없음,3311,다운 베스트,,,,,,
胸囲,トップス袖なし,3311,ダウンベスト,メンズファッション/アウター・ジャケット,,,,가슴둘레,상의 소매 없음,3311,다운 베스트,,,,,,
着丈,トップス袖あり,3312,テーラードジャケット,メンズファッション/アウター・ジャケット,,,,총장,상의 소매 있음,3312,테일러드 재킷,,,,,,
肩幅,トップス袖あり,3312,テーラードジャケット,メンズファッション/アウター・ジャケット,,,,어깨너비,상의 소매 있음,3312,테일러드 재킷,,,,,,
胸囲,トップス袖あり,3312,テーラードジャケット,メンズファッション/アウター・ジャケット,,,,가슴둘레,상의 소매 있음,3312,테일러드 재킷,,,,,,
袖丈,トップス袖あり,3312,テーラードジャケット,メンズファッション/アウター・ジャケット,,,,소매길이,상의 소매 있음,3312,테일러드 재킷,,,,,,
足幅,ドレスシューズ男性,3322,ドレスシューズ・革靴・ビジネスシューズ,メンズファッション/靴・ブーツ・サンダル,,,,발너비,드레스 슈즈 남성,3322,드레스 슈즈·가죽신·비즈니스 슈즈,,,,,,
高さ,ブーツ男性,3323,ブーツ,メンズファッション/靴・ブーツ・サンダル,,,,높이,부츠 남성,3323,부츠,,,,,,
ヒール高,ブーツ男性,3323,ブーツ,メンズファッション/靴・ブーツ・サンダル,,,,굽 높이,부츠 남성,3323,부츠,,,,,,
ヒール高,シューズ,3324,靴・ブーツ・サンダルその他,メンズファッション/靴・ブーツ・サンダル,,,,굽 높이,슈즈,3324,신발·부츠·샌들 기타,,,,,,
幅,バッグストラップ,3341,ショルダーバッグ,メンズファッション/バッグ・カバン,,,,가로,가방 스트랩,3341,숄더백,,,,,,
高さ,バッグストラップ,3341,ショルダーバッグ,メンズファッション/バッグ・カバン,,,,세로,가방 스트랩,3341,숄더백,,,,,,
マチ,バッグストラップ,3341,ショルダーバッグ,メンズファッション/バッグ・カバン,,,,폭(마치),가방 스트랩,3341,숄더백,,,,,,
ストラップ,バッグストラップ,3341,ショルダーバッグ,メンズファッション/バッグ・カバン,,,,스트랩 길이,가방 스트랩,3341,숄더백,,,,,,
幅,バッグ持ち手あり,3342,トートバッグ,メンズファッション/バッグ・カバン,,,,가로,가방 손잡이 있음,3342,토트백,,,,,,
高さ,バッグ持ち手あり,3342,トートバッグ,メンズファッション/バッグ・カバン,,,,세로,가방 손잡이 있음,3342,토트백,,,,,,
マチ,バッグ持ち手あり,3342,トートバッグ,メンズファッション/バッグ・カバン,,,,폭(마치),가방 손잡이 있음,3342,토트백,,,,,,
持ち手,バッグ持ち手あり,3342,トートバッグ,メンズファッション/バッグ・カバン,,,,손잡이 길이,가방 손잡이 있음,3342,토트백,,,,,,
幅,バッグ持ち手あり,3343,ボストンバッグ,メンズファッション/バッグ・カバン,,,,가로,가방 손잡이 있음,3343,보스턴백,,,,,,
高さ,バッグ持ち手あり,3343,ボストンバッグ,メンズファッション/バッグ・カバン,,,,세로,가방 손잡이 있음,3343,보스턴백,,,,,,
マチ,バッグ持ち手あり,3343,ボストンバッグ,メンズファッション/バッグ・カバン,,,,폭(마치),가방 손잡이 있음,3343,보스턴백,,,,,,
持ち手,バッグ持ち手あり,3343,ボストンバッグ,メンズファッション/バッグ・カバン,,,,손잡이 길이,가방 손잡이 있음,3343,보스턴백,,,,,,
幅,バッグ持ち手なし,3344,バックパック・リュック,メンズファッション/バッグ・カバン,,,,가로,가방 손잡이 없음,3344,백팩·배낭,,,,,,
高さ,バッグ持ち手なし,3344,バックパック・リュック,メンズファッション/バッグ・カバン,,,,세로,가방 손잡이 없음,3344,백팩·배낭,,,,,,
マチ,バッグ持ち手なし,3344,バックパック・リュック,メンズファッション/バッグ・カバン,,,,폭(마치),가방 손잡이 없음,3344,백팩·배낭,,,,,,
幅,バッグ持ち手あり,3345,ビジネスバッグ・アタッシュケース,メンズファッション/バッグ・カバン,,,,가로,가방 손잡이 있음,3345,비즈니스 백·아타셰 케이스,,,,,,
高さ,バッグ持ち手あり,3345,ビジネスバッグ・アタッシュケース,メンズファッション/バッグ・カバン,,,,세로,가방 손잡이 있음,3345,비즈니스 백·아타셰 케이스,,,,,,
マチ,バッグ持ち手あり,3345,ビジネスバッグ・アタッシュケース,メンズファッション/バッグ・カバン,,,,폭(마치),가방 손잡이 있음,3345,비즈니스 백·아타셰 케이스,,,,,,
持ち手,バッグ持ち手あり,3345,ビジネスバッグ・アタッシュケース,メンズファッション/バッグ・カバン,,,,손잡이 길이,가방 손잡이 있음,3345,비즈니스 백·아타셰 케이스,,,,,,
幅,バッグ持ち手あり,3346,バッグ・カバンその他,メンズファッション/バッグ・カバン,,,,가로,가방 손잡이 있음,3346,가방 기타,,,,,,
高さ,バッグ持ち手あり,3346,バッグ・カバンその他,メンズファッション/バッグ・カバン,,,,세로,가방 손잡이 있음,3346,가방 기타,,,,,,
マチ,バッグ持ち手あり,3346,バッグ・カバンその他,メンズファッション/バッグ・カバン,,,,폭(마치),가방 손잡이 있음,3346,가방 기타,,,,,,
持ち手,バッグ持ち手あり,3346,バッグ・カバンその他,メンズファッション/バッグ・カバン,,,,손잡이 길이,가방 손잡이 있음,3346,가방 기타,,,,,,
幅,バッグ持ち手なし,3347,クラッチバッグ,メンズファッション/バッグ・カバン,,,,가로,가방 손잡이 없음,3347,클러치백,,,,,,
高さ,バッグ持ち手なし,3347,クラッチバッグ,メンズファッション/バッグ・カバン,,,,세로,가방 손잡이 없음,3347,클러치백,,,,,,
マチ,バッグ持ち手なし,3347,クラッチバッグ,メンズファッション/バッグ・カバン,,,,폭(마치),가방 손잡이 없음,3347,클러치백,,,,,,
長さ,ネックレス,3360,ネックレス・チョーカー,メンズファッション/アクセサリー,,,,길이,목걸이,3360,목걸이·초커,,,,,,
トップ縦,ネックレス,3360,ネックレス・チョーカー,メンズファッション/アクセサリー,,,,펜던트 세로,목걸이,3360,목걸이·초커,,,,,,
トップ横,ネックレス,3360,ネックレス・チョーカー,メンズファッション/アクセサリー,,,,펜던트 가로,목걸이,3360,목걸이·초커,,,,,,
幅,ブレスレット,3362,ブレスレット,メンズファッション/アクセサリー,,,,너비,팔찌,3362,팔찌,,,,,,
長さ,ブレスレット,3362,ブレスレット,メンズファッション/アクセサリー,,,,길이,팔찌,3362,팔찌,,,,,,
幅,指輪,3363,指輪・リング,メンズファッション/アクセサリー,,,,너비,반지,3363,반지·링,,,,,,
円周,指輪,3363,指輪・リング,メンズファッション/アクセサリー,,,,둘레,반지,3363,반지·링,,,,,,
幅,マフラー・スカーフ,3401,マフラー,メンズファッション/ファッション雑貨・小物,,,,너비,머플러·스카프,3401,머플러,,,,,,
長さ,マフラー・スカーフ,3401,マフラー,メンズファッション/ファッション雑貨・小物,,,,길이,머플러·스카프,3401,머플러,,,,,,
手首周り,手袋,3403,手袋,メンズファッション/ファッション雑貨・小物,,,,손목 둘레,장갑,3403,장갑,,,,,,
全長,手袋,3403,手袋,メンズファッション/ファッション雑貨・小物,,,,총길이,장갑,3403,장갑,,,,,,
ウエスト,ベルト,3404,ベルト,メンズファッション/ファッション雑貨・小物,,,,허리둘레,벨트,3404,벨트,,,,,,
幅,ベルト,3404,ベルト,メンズファッション/ファッション雑貨・小物,,,,너비,벨트,3404,벨트,,,,,,
全長,ベルト,3404,ベルト,メンズファッション/ファッション雑貨・小物,,,,총길이,벨트,3404,벨트,,,,,,
縦,財布系,3408,長財布,メンズファッション/財布・雑貨,,,,세로,지갑 계열,3408,장지갑,,,,,,
横,財布系,3408,長財布,メンズファッション/財布・雑貨,,,,가로,지갑 계열,3408,장지갑,,,,,,
厚み,財布系,3408,長財布,メンズファッション/財布・雑貨,,,,두께,지갑 계열,3408,장지갑,,,,,,
縦,財布系,3411,カードケース・名刺入れ,メンズファッション/財布・雑貨,,,,세로,지갑 계열,3411,카드 케이스·명함 지갑,,,,,,
横,財布系,3411,カードケース・名刺入れ,メンズファッション/財布・雑貨,,,,가로,지갑 계열,3411,카드 케이스·명함 지갑,,,,,,
厚み,財布系,3411,カードケース・名刺入れ,メンズファッション/財布・雑貨,,,,두께,지갑 계열,3411,카드 케이스·명함 지갑,,,,,,
全長,ネクタイ,3413,ネクタイ,メンズファッション/ファッション雑貨・小物,,,,총길이,넥타이,3413,넥타이,,,,,,
最大幅,ネクタイ,3413,ネクタイ,メンズファッション/ファッション雑貨・小物,,,,최대 너비,넥타이,3413,넥타이,,,,,,
フレーム縦,アイウェア,3414,サングラス,メンズファッション/アイウェア,,,,프레임 세로,아이웨어,3414,선글라스,,,,,,
フレーム横 ,アイウェア,3414,サングラス,メンズファッション/アイウェア,,,,프레임 가로,아이웨어,3414,선글라스,,,,,,
レンズ縦,アイウェア,3414,サングラス,メンズファッション/アイウェア,,,,렌즈 세로,아이웨어,3414,선글라스,,,,,,
レンズ横,アイウェア,3414,サングラス,メンズファッション/アイウェア,,,,렌즈 가로,아이웨어,3414,선글라스,,,,,,
テンプル,アイウェア,3414,サングラス,メンズファッション/アイウェア,,,,템플(안경다리),아이웨어,3414,선글라스,,,,,,
フレーム縦,アイウェア,3417,メガネ,メンズファッション/アイウェア,,,,프레임 세로,아이웨어,3417,안경,,,,,,
フレーム横 ,アイウェア,3417,メガネ,メンズファッション/アイウェア,,,,프레임 가로,아이웨어,3417,안경,,,,,,
レンズ縦,アイウェア,3417,メガネ,メンズファッション/アイウェア,,,,렌즈 세로,아이웨어,3417,안경,,,,,,
レンズ横,アイウェア,3417,メガネ,メンズファッション/アイウェア,,,,렌즈 가로,아이웨어,3417,안경,,,,,,
テンプル,アイウェア,3417,メガネ,メンズファッション/アイウェア,,,,템플(안경다리),아이웨어,3417,안경,,,,,,
フレーム縦,アイウェア,3418,アイウェアその他,メンズファッション/アイウェア,,,,프레임 세로,아이웨어,3418,아이웨어 기타,,,,,,
フレーム横 ,アイウェア,3418,アイウェアその他,メンズファッション/アイウェア,,,,프레임 가로,아이웨어,3418,아이웨어 기타,,,,,,
レンズ縦,アイウェア,3418,アイウェアその他,メンズファッション/アイウェア,,,,렌즈 세로,아이웨어,3418,아이웨어 기타,,,,,,
レンズ横,アイウェア,3418,アイウェアその他,メンズファッション/アイウェア,,,,렌즈 가로,아이웨어,3418,아이웨어 기타,,,,,,
テンプル,アイウェア,3418,アイウェアその他,メンズファッション/アイウェア,,,,템플(안경다리),아이웨어,3418,아이웨어 기타,,,,,,
縦,財布系,3419,折りたたみ財布,メンズファッション/財布・雑貨,,,,세로,지갑 계열,3419,반지갑,,,,,,
横,財布系,3419,折りたたみ財布,メンズファッション/財布・雑貨,,,,가로,지갑 계열,3419,반지갑,,,,,,
厚み,財布系,3419,折りたたみ財布,メンズファッション/財布・雑貨,,,,두께,지갑 계열,3419,반지갑,,,,,,
着丈,トップス袖あり,3420,アンダーシャツ・インナー,メンズファッション/インナー・ルームウェア,,,,총장,상의 소매 있음,3420,언더셔츠·인너,,,,,,
肩幅,トップス袖あり,3420,アンダーシャツ・インナー,メンズファッション/インナー・ルームウェア,,,,어깨너비,상의 소매 있음,3420,언더셔츠·인너,,,,,,
胸囲,トップス袖あり,3420,アンダーシャツ・インナー,メンズファッション/インナー・ルームウェア,,,,가슴둘레,상의 소매 있음,3420,언더셔츠·인너,,,,,,
袖丈,トップス袖あり,3420,アンダーシャツ・インナー,メンズファッション/インナー・ルームウェア,,,,소매길이,상의 소매 있음,3420,언더셔츠·인너,,,,,,
ウエスト,下着男性,3421,トランクス,メンズファッション/インナー・ルームウェア,,,,허리둘레,남성 속옷,3421,트렁크,,,,,,
ウエスト,下着男性,3422,ブリーフ,メンズファッション/インナー・ルームウェア,,,,허리둘레,남성 속옷,3422,브리프,,,,,,
ウエスト,下着男性,3423,ボクサーパンツ,メンズファッション/インナー・ルームウェア,,,,허리둘레,남성 속옷,3423,복서 팬츠,,,,,,
縦,財布系,3426,コインケース・小銭入れ,メンズファッション/財布・雑貨,,,,세로,지갑 계열,3426,코인 케이스·동전지갑,,,,,,
横,財布系,3426,コインケース・小銭入れ,メンズファッション/財布・雑貨,,,,가로,지갑 계열,3426,코인 케이스·동전지갑,,,,,,
厚み,財布系,3426,コインケース・小銭入れ,メンズファッション/財布・雑貨,,,,두께,지갑 계열,3426,코인 케이스·동전지갑,,,,,,
縦,食器系（皿）,3541,食器（皿）,ライフスタイル/キッチン・ダイニング,,,,세로,식기 계열(접시),3541,식기(접시),,,,,,
横,食器系（皿）,3541,食器（皿）,ライフスタイル/キッチン・ダイニング,,,,가로,식기 계열(접시),3541,식기(접시),,,,,,
高さ,食器系（グラス・コップ）,3542,コップ・グラス,ライフスタイル/キッチン・ダイニング,,,,높이,식기 계열(글라스·컵),3542,컵·글라스,,,,,,
直径,食器系（グラス・コップ）,3542,コップ・グラス,ライフスタイル/キッチン・ダイニング,,,,지름,식기 계열(글라스·컵),3542,컵·글라스,,,,,,
高さ,小物・家具系,3544,容器・ストッカー,ライフスタイル/キッチン・ダイニング,,,,높이,소품·가구 계열,3544,용기·스토커,,,,,,
縦,小物・家具系,3544,容器・ストッカー,ライフスタイル/キッチン・ダイニング,,,,세로,소품·가구 계열,3544,용기·스토커,,,,,,
横,小物・家具系,3544,容器・ストッカー,ライフスタイル/キッチン・ダイニング,,,,가로,소품·가구 계열,3544,용기·스토커,,,,,,
縦,カバー・タオル系,3546,テーブルリネン,ライフスタイル/キッチン・ダイニング,,,,세로,커버·타월 계열,3546,테이블 리넨,,,,,,
横,カバー・タオル系,3546,テーブルリネン,ライフスタイル/キッチン・ダイニング,,,,가로,커버·타월 계열,3546,테이블 리넨,,,,,,
総丈,エプロン・ポンチョ,3547,エプロン,ライフスタイル/キッチン・ダイニング,,,,총장,앞치마·판초,3547,앞치마,,,,,,
幅,エプロン・ポンチョ,3547,エプロン,ライフスタイル/キッチン・ダイニング,,,,너비,앞치마·판초,3547,앞치마,,,,,,
高さ,食器系（グラス・コップ）,3551,マグカップ・ティーカップ,ライフスタイル/キッチン・ダイニング,,,,높이,식기 계열(글라스·컵),3551,머그컵·티컵,,,,,,
直径,食器系（グラス・コップ）,3551,マグカップ・ティーカップ,ライフスタイル/キッチン・ダイニング,,,,지름,식기 계열(글라스·컵),3551,머그컵·티컵,,,,,,
幅,家具・インテリア,3583,DIY・工具,ライフスタイル/インテリア雑貨,,,,너비,가구·인테리어,3583,DIY·공구,,,,,,
高さ,家具・インテリア,3583,DIY・工具,ライフスタイル/インテリア雑貨,,,,높이,가구·인테리어,3583,DIY·공구,,,,,,
奥行,家具・インテリア,3583,DIY・工具,ライフスタイル/インテリア雑貨,,,,깊이,가구·인테리어,3583,DIY·공구,,,,,,
幅,家具・インテリア,3588,インテリア雑貨その他,ライフスタイル/インテリア雑貨,,,,너비,가구·인테리어,3588,인테리어 잡화 기타,,,,,,
高さ,家具・インテリア,3588,インテリア雑貨その他,ライフスタイル/インテリア雑貨,,,,높이,가구·인테리어,3588,인테리어 잡화 기타,,,,,,
奥行,家具・インテリア,3588,インテリア雑貨その他,ライフスタイル/インテリア雑貨,,,,깊이,가구·인테리어,3588,인테리어 잡화 기타,,,,,,
幅,家具・インテリア,3589,ミラー・鏡・姿見,ライフスタイル/インテリア雑貨,,,,너비,가구·인테리어,3589,미러·거울·전신거울,,,,,,
高さ,家具・インテリア,3589,ミラー・鏡・姿見,ライフスタイル/インテリア雑貨,,,,높이,가구·인테리어,3589,미러·거울·전신거울,,,,,,
奥行,家具・インテリア,3589,ミラー・鏡・姿見,ライフスタイル/インテリア雑貨,,,,깊이,가구·인테리어,3589,미러·거울·전신거울,,,,,,
幅,家具・インテリア,3590,小物入れ(トレイ),ライフスタイル/インテリア雑貨,,,,너비,가구·인테리어,3590,소품함(트레이),,,,,,
高さ,家具・インテリア,3590,小物入れ(トレイ),ライフスタイル/インテリア雑貨,,,,높이,가구·인테리어,3590,소품함(트레이),,,,,,
奥行,家具・インテリア,3590,小物入れ(トレイ),ライフスタイル/インテリア雑貨,,,,깊이,가구·인테리어,3590,소품함(트레이),,,,,,
幅,家具・インテリア,3591,ティッシュケース,ライフスタイル/インテリア雑貨,,,,너비,가구·인테리어,3591,티슈 케이스,,,,,,
高さ,家具・インテリア,3591,ティッシュケース,ライフスタイル/インテリア雑貨,,,,높이,가구·인테리어,3591,티슈 케이스,,,,,,
奥行,家具・インテリア,3591,ティッシュケース,ライフスタイル/インテリア雑貨,,,,깊이,가구·인테리어,3591,티슈 케이스,,,,,,
幅,スーツケース,3640,トラベルバッグ・旅行かばん,ライフスタイル/トラベルグッズ,,,,너비,수트케이스,3640,트래블 백·여행 가방,,,,,,
高さ,スーツケース,3640,トラベルバッグ・旅行かばん,ライフスタイル/トラベルグッズ,,,,높이,수트케이스,3640,트래블 백·여행 가방,,,,,,
奥行,スーツケース,3640,トラベルバッグ・旅行かばん,ライフスタイル/トラベルグッズ,,,,깊이,수트케이스,3640,트래블 백·여행 가방,,,,,,
幅,家具・インテリア,3663,ペットカート,ライフスタイル/ペット用品,,,,너비,가구·인테리어,3663,펫 카트,,,,,,
高さ,家具・インテリア,3663,ペットカート,ライフスタイル/ペット用品,,,,높이,가구·인테리어,3663,펫 카트,,,,,,
奥行,家具・インテリア,3663,ペットカート,ライフスタイル/ペット用品,,,,깊이,가구·인테리어,3663,펫 카트,,,,,,
高さ,フィギュア・人形,3682,キャラクターグッズ,ライフスタイル/ホビー・カルチャー,,,,높이,피규어·인형,3682,캐릭터 굿즈,,,,,,
幅,家具・インテリア,3687,カメラ・カメラグッズ,ライフスタイル/デザイン家電,,,,너비,가구·인테리어,3687,카메라·카메라 굿즈,,,,,,
高さ,家具・インテリア,3687,カメラ・カメラグッズ,ライフスタイル/デザイン家電,,,,높이,가구·인테리어,3687,카메라·카메라 굿즈,,,,,,
奥行,家具・インテリア,3687,カメラ・カメラグッズ,ライフスタイル/デザイン家電,,,,깊이,가구·인테리어,3687,카메라·카메라 굿즈,,,,,,
幅,家具・インテリア,3688,AV機器・オーディオ機器,ライフスタイル/デザイン家電,,,,너비,가구·인테리어,3688,AV기기·오디오 기기,,,,,,
高さ,家具・インテリア,3688,AV機器・オーディオ機器,ライフスタイル/デザイン家電,,,,높이,가구·인테리어,3688,AV기기·오디오 기기,,,,,,
奥行,家具・インテリア,3688,AV機器・オーディオ機器,ライフスタイル/デザイン家電,,,,깊이,가구·인테리어,3688,AV기기·오디오 기기,,,,,,
幅,家具・インテリア,3693,花瓶・植木鉢,ライフスタイル/インテリア雑貨,,,,너비,가구·인테리어,3693,화분·화초 화분,,,,,,
高さ,家具・インテリア,3693,花瓶・植木鉢,ライフスタイル/インテリア雑貨,,,,높이,가구·인테리어,3693,화분·화초 화분,,,,,,
奥行,家具・インテリア,3693,花瓶・植木鉢,ライフスタイル/インテリア雑貨,,,,깊이,가구·인테리어,3693,화분·화초 화분,,,,,,
縦,カバー・タオル系,3770,ベッドカバー・布団カバー・寝具,ライフスタイル/ファブリック,,,,세로,커버·타월 계열,3770,침대 커버·이불 커버·침구,,,,,,
横,カバー・タオル系,3770,ベッドカバー・布団カバー・寝具,ライフスタイル/ファブリック,,,,가로,커버·타월 계열,3770,침대 커버·이불 커버·침구,,,,,,
縦,カバー・タオル系,3771,ブランケット(ひざ掛け),ライフスタイル/ファブリック,,,,세로,커버·타월 계열,3771,블랭킷(무릎 담요),,,,,,
横,カバー・タオル系,3771,ブランケット(ひざ掛け),ライフスタイル/ファブリック,,,,가로,커버·타월 계열,3771,블랭킷(무릎 담요),,,,,,
縦,カバー・タオル系,3772,クッション・クッションカバー,ライフスタイル/ファブリック,,,,세로,커버·타월 계열,3772,쿠션·쿠션 커버,,,,,,
横,カバー・タオル系,3772,クッション・クッションカバー,ライフスタイル/ファブリック,,,,가로,커버·타월 계열,3772,쿠션·쿠션 커버,,,,,,
縦,カバー・タオル系,3773,ラグ・カーペット,ライフスタイル/ファブリック,,,,세로,커버·타월 계열,3773,러그·카페트,,,,,,
横,カバー・タオル系,3773,ラグ・カーペット,ライフスタイル/ファブリック,,,,가로,커버·타월 계열,3773,러그·카페트,,,,,,
縦,カバー・タオル系,3774,カーテン,ライフスタイル/ファブリック,,,,세로,커버·타월 계열,3774,커튼,,,,,,
横,カバー・タオル系,3774,カーテン,ライフスタイル/ファブリック,,,,가로,커버·타월 계열,3774,커튼,,,,,,
縦,カバー・タオル系,3775,タオル,ライフスタイル/ファブリック,,,,세로,커버·타월 계열,3775,타월,,,,,,
横,カバー・タオル系,3775,タオル,ライフスタイル/ファブリック,,,,가로,커버·타월 계열,3775,타월,,,,,,
ヒップ,下着女性ブラジャー＆ショーツ,3861,マタニティ下着・肌着,ベビー・キッズ/マタニティウェア・授乳服・グッズ,,,,힙둘레,여성 속옷 브라&쇼츠,3861,마タニ티(임산부) 속옷·내의,,,,,,
トップ,下着女性ブラジャー＆ショーツ,3861,マタニティ下着・肌着,ベビー・キッズ/マタニティウェア・授乳服・グッズ,,,,톱(가슴둘레),여성 속옷 브라&쇼츠,3861,마タニ티(임산부) 속옷·내의,,,,,,
アンダー,下着女性ブラジャー＆ショーツ,3861,マタニティ下着・肌着,ベビー・キッズ/マタニティウェア・授乳服・グッズ,,,,언더(밑가슴둘레),여성 속옷 브라&쇼츠,3861,마タニ티(임산부) 속옷·내의,,,,,,
幅,バッグ持ち手あり,3862,マザーズバッグ,ベビー・キッズ,,,,가로,가방 손잡이 있음,3862,기저귀 가방(마더스백),,,,,,
高さ,バッグ持ち手あり,3862,マザーズバッグ,ベビー・キッズ,,,,세로,가방 손잡이 있음,3862,기저귀 가방(마더스백),,,,,,
マチ,バッグ持ち手あり,3862,マザーズバッグ,ベビー・キッズ,,,,폭(마치),가방 손잡이 있음,3862,기저귀 가방(마더스백),,,,,,
持ち手,バッグ持ち手あり,3862,マザーズバッグ,ベビー・キッズ,,,,손잡이 길이,가방 손잡이 있음,3862,기저귀 가방(마더스백),,,,,,
幅,家具・インテリア,3866,パーテーション・間仕切り,ライフスタイル/家具・日用品,,,,너비,가구·인테리어,3866,파티션·칸막이,,,,,,
高さ,家具・インテリア,3866,パーテーション・間仕切り,ライフスタイル/家具・日用品,,,,높이,가구·인테리어,3866,파티션·칸막이,,,,,,
奥行,家具・インテリア,3866,パーテーション・間仕切り,ライフスタイル/家具・日用品,,,,깊이,가구·인테리어,3866,파티션·칸막이,,,,,,
幅,壁紙系,3867,ウォールステッカー,ライフスタイル/インテリア雑貨,,,,너비,벽지 계열,3867,월 스티커,,,,,,
高さ,壁紙系,3867,ウォールステッカー,ライフスタイル/インテリア雑貨,,,,높이,벽지 계열,3867,월 스티커,,,,,,
幅,家具・インテリア,3868,ペットゲート,ライフスタイル/ペット用品,,,,너비,가구·인테리어,3868,펫 게이트,,,,,,
高さ,家具・インテリア,3868,ペットゲート,ライフスタイル/ペット用品,,,,높이,가구·인테리어,3868,펫 게이트,,,,,,
奥行,家具・インテリア,3868,ペットゲート,ライフスタイル/ペット用品,,,,깊이,가구·인테리어,3868,펫 게이트,,,,,,
幅,家具・インテリア,3869,キャットタワー,ライフスタイル/ペット用品,,,,너비,가구·인테리어,3869,캣타워,,,,,,
高さ,家具・インテリア,3869,キャットタワー,ライフスタイル/ペット用品,,,,높이,가구·인테리어,3869,캣타워,,,,,,
奥行,家具・インテリア,3869,キャットタワー,ライフスタイル/ペット用品,,,,깊이,가구·인테리어,3869,캣타워,,,,,,
着丈,トップス袖あり,4101,アンサンブル,レディースファッション/トップス,,,,총장,상의 소매 있음,4101,앙상블,,,,,,
肩幅,トップス袖あり,4101,アンサンブル,レディースファッション/トップス,,,,어깨너비,상의 소매 있음,4101,앙상블,,,,,,
胸囲,トップス袖あり,4101,アンサンブル,レディースファッション/トップス,,,,가슴둘레,상의 소매 있음,4101,앙상블,,,,,,
袖丈,トップス袖あり,4101,アンサンブル,レディースファッション/トップス,,,,소매길이,상의 소매 있음,4101,앙상블,,,,,,
着丈,トップス袖なし,4102,キャミソール,レディースファッション/トップス,,,,총장,상의 소매 없음,4102,캐미솔,,,,,,
胸囲,トップス袖なし,4102,キャミソール,レディースファッション/トップス,,,,가슴둘레,상의 소매 없음,4102,캐미솔,,,,,,
着丈,ワンピース系,4103,セットアップ,レディースファッション/ワンピース・オールインワン,,,,총장,원피스 계열,4103,셋업,,,,,,
肩幅,ワンピース系,4103,セットアップ,レディースファッション/ワンピース・オールインワン,,,,어깨너비,원피스 계열,4103,셋업,,,,,,
胸囲,ワンピース系,4103,セットアップ,レディースファッション/ワンピース・オールインワン,,,,가슴둘레,원피스 계열,4103,셋업,,,,,,
袖丈,ワンピース系,4103,セットアップ,レディースファッション/ワンピース・オールインワン,,,,소매길이,원피스 계열,4103,셋업,,,,,,
ウエスト,ワンピース系,4103,セットアップ,レディースファッション/ワンピース・オールインワン,,,,허리둘레,원피스 계열,4103,셋업,,,,,,
ヒップ,ワンピース系,4103,セットアップ,レディースファッション/ワンピース・オールインワン,,,,힙둘레,원피스 계열,4103,셋업,,,,,,
着丈,トップス袖あり,4104,レザージャケット・コート,レディースファッション/アウター,,,,총장,상의 소매 있음,4104,가죽 재킷·코트,,,,,,
肩幅,トップス袖あり,4104,レザージャケット・コート,レディースファッション/アウター,,,,어깨너비,상의 소매 있음,4104,가죽 재킷·코트,,,,,,
胸囲,トップス袖あり,4104,レザージャケット・コート,レディースファッション/アウター,,,,가슴둘레,상의 소매 있음,4104,가죽 재킷·코트,,,,,,
袖丈,トップス袖あり,4104,レザージャケット・コート,レディースファッション/アウター,,,,소매길이,상의 소매 있음,4104,가죽 재킷·코트,,,,,,
着丈,トップス袖あり,4105,トレンチコート,レディースファッション/アウター,,,,총장,상의 소매 있음,4105,트렌치 코트,,,,,,
肩幅,トップス袖あり,4105,トレンチコート,レディースファッション/アウター,,,,어깨너비,상의 소매 있음,4105,트렌치 코트,,,,,,
胸囲,トップス袖あり,4105,トレンチコート,レディースファッション/アウター,,,,가슴둘레,상의 소매 있음,4105,트렌치 코트,,,,,,
袖丈,トップス袖あり,4105,トレンチコート,レディースファッション/アウター,,,,소매길이,상의 소매 있음,4105,트렌치 코트,,,,,,
着丈,トップス袖あり,4106,ムートン・ファーコート,レディースファッション/アウター,,,,총장,상의 소매 있음,4106,무스탕·퍼 코트,,,,,,
肩幅,トップス袖あり,4106,ムートン・ファーコート,レディースファッション/アウター,,,,어깨너비,상의 소매 있음,4106,무스탕·퍼 코트,,,,,,
胸囲,トップス袖あり,4106,ムートン・ファーコート,レディースファッション/アウター,,,,가슴둘레,상의 소매 있음,4106,무스탕·퍼 코트,,,,,,
袖丈,トップス袖あり,4106,ムートン・ファーコート,レディースファッション/アウター,,,,소매길이,상의 소매 있음,4106,무스탕·퍼 코트,,,,,,
着丈,トップス袖なし,4107,ベスト・ジレ,レディースファッション/アウター,,,,총장,상의 소매 없음,4107,베스트·조끼,,,,,,
胸囲,トップス袖なし,4107,ベスト・ジレ,レディースファッション/アウター,,,,가슴둘레,상의 소매 없음,4107,베스트·조끼,,,,,,
ヒール高,シューズ,4108,スリッポン,レディースファッション/靴・シューズ,,,,굽 높이,슈즈,4108,슬립온,,,,,,
ヒール高,シューズ,4109,ローファー・オックスフォード,レディースファッション/靴・シューズ,,,,굽 높이,슈즈,4109,로퍼·옥스퍼드,,,,,,
ヒール高,シューズ,4110,バレエシューズ,レディースファッション/靴・シューズ,,,,굽 높이,슈즈,4110,발레 슈즈,,,,,,
ヒール高,シューズ,4111,レインシューズ,レディースファッション/靴・シューズ,,,,굽 높이,슈즈,4111,레인 슈즈,,,,,,
高さ,ブーツ女性,4112,ミドルブーツ,レディースファッション/ブーツ,,,,높이,부츠 여성,4112,미들 부츠,,,,,,
ヒール高,ブーツ女性,4112,ミドルブーツ,レディースファッション/ブーツ,,,,굽 높이,부츠 여성,4112,미들 부츠,,,,,,
つつ周り,ブーツ女性,4112,ミドルブーツ,レディースファッション/ブーツ,,,,종아리 둘레,부츠 여성,4112,미들 부츠,,,,,,
縦,財布系,4113,パスケース,レディースファッション/財布・小物,,,,세로,지갑 계열,4113,패스 케이스(교통카드 지갑),,,,,,
横,財布系,4113,パスケース,レディースファッション/財布・小物,,,,가로,지갑 계열,4113,패스 케이스(교통카드 지갑),,,,,,
厚み,財布系,4113,パスケース,レディースファッション/財布・小物,,,,두께,지갑 계열,4113,패스 케이스(교통카드 지갑),,,,,,
縦,財布系,4114,キーケース,レディースファッション/財布・小物,,,,세로,지갑 계열,4114,키 케이스,,,,,,
横,財布系,4114,キーケース,レディースファッション/財布・小物,,,,가로,지갑 계열,4114,키 케이스,,,,,,
厚み,財布系,4114,キーケース,レディースファッション/財布・小物,,,,두께,지갑 계열,4114,키 케이스,,,,,,
縦,財布系,4115,バッグチャーム,レディースファッション/財布・小物,,,,세로,지갑 계열,4115,백 참(Bag Charm),,,,,,
横,財布系,4115,バッグチャーム,レディースファッション/財布・小物,,,,가로,지갑 계열,4115,백 참(Bag Charm),,,,,,
厚み,財布系,4115,バッグチャーム,レディースファッション/財布・小物,,,,두께,지갑 계열,4115,백 참(Bag Charm),,,,,,
高さ,帽子,4116,ハット,レディースファッション/帽子,,,,높이,모자,4116,햇(Hat),,,,,,
頭周り,帽子,4116,ハット,レディースファッション/帽子,,,,머리 둘레,모자,4116,햇(Hat),,,,,,
つば,帽子,4116,ハット,レディースファッション/帽子,,,,챙 길이,모자,4116,햇(Hat),,,,,,
高さ,帽子,4117,キャップ,レディースファッション/帽子,,,,높이,모자,4117,캡(Cap),,,,,,
頭周り,帽子,4117,キャップ,レディースファッション/帽子,,,,머리 둘레,모자,4117,캡(Cap),,,,,,
つば,帽子,4117,キャップ,レディースファッション/帽子,,,,챙 길이,모자,4117,캡(Cap),,,,,,
高さ,帽子,4118,ストローハット,レディースファッション/帽子,,,,높이,모자,4118,스트로 햇(밀짚모자),,,,,,
頭周り,帽子,4118,ストローハット,レディースファッション/帽子,,,,머리 둘레,모자,4118,스트로 햇(밀짚모자),,,,,,
つば,帽子,4118,ストローハット,レディースファッション/帽子,,,,챙 길이,모자,4118,스트로 햇(밀짚모자),,,,,,
高さ,帽子,4119,ニットキャップ・ビーニー,レディースファッション/帽子,,,,높이,모자,4119,니트 캡·비니,,,,,,
頭周り,帽子,4119,ニットキャップ・ビーニー,レディースファッション/帽子,,,,머리 둘레,모자,4119,니트 캡·비니,,,,,,
つば,帽子,4119,ニットキャップ・ビーニー,レディースファッション/帽子,,,,챙 길이,모자,4119,니트 캡·비니,,,,,,
高さ,帽子,4120,ベレー帽,レディースファッション/帽子,,,,높이,모자,4120,베레모,,,,,,
頭周り,帽子,4120,ベレー帽,レディースファッション/帽子,,,,머리 둘레,모자,4120,베레모,,,,,,
つば,帽子,4120,ベレー帽,レディースファッション/帽子,,,,챙 길이,모자,4120,베레모,,,,,,
高さ,帽子,4121,ハンチング・キャスケット,レディースファッション/帽子,,,,높이,모자,4121,헌팅캡·캐스킷,,,,,,
頭周り,帽子,4121,ハンチング・キャスケット,レディースファッション/帽子,,,,머리 둘레,모자,4121,헌팅캡·캐스킷,,,,,,
つば,帽子,4121,ハンチング・キャスケット,レディースファッション/帽子,,,,챙 길이,모자,4121,헌팅캡·캐스킷,,,,,,
高さ,帽子,4122,帽子・その他,レディースファッション/帽子,,,,높이,모자,4122,모자 기타,,,,,,
頭周り,帽子,4122,帽子・その他,レディースファッション/帽子,,,,머리 둘레,모자,4122,모자 기타,,,,,,
つば,帽子,4122,帽子・その他,レディースファッション/帽子,,,,챙 길이,모자,4122,모자 기타,,,,,,
ウエスト,水着女性,4133,ビキニ,レディースファッション/水着・ビーチグッズ,,,,허리둘레,수영복 여성,4133,비키니,,,,,,
ヒップ,水着女性,4133,ビキニ,レディースファッション/水着・ビーチグッズ,,,,힙둘레,수영복 여성,4133,비키니,,,,,,
総丈,水着女性,4133,ビキニ,レディースファッション/水着・ビーチグッズ,,,,총장,수영복 여성,4133,비키니,,,,,,
トップ,水着女性,4133,ビキニ,レディースファッション/水着・ビーチグッズ,,,,톱(가슴둘레),수영복 여성,4133,비키니,,,,,,
アンダー,水着女性,4133,ビキニ,レディースファッション/水着・ビーチグッズ,,,,언더(밑가슴둘레),수영복 여성,4133,비키니,,,,,,
ウエスト,水着女性,4134,ワンピース水着,レディースファッション/水着・ビーチグッズ,,,,허리둘레,수영복 여성,4134,원피스 수영복,,,,,,
ヒップ,水着女性,4134,ワンピース水着,レディースファッション/水着・ビーチグッズ,,,,힙둘레,수영복 여성,4134,원피스 수영복,,,,,,
総丈,水着女性,4134,ワンピース水着,レディースファッション/水着・ビーチグッズ,,,,총장,수영복 여성,4134,원피스 수영복,,,,,,
トップ,水着女性,4134,ワンピース水着,レディースファッション/水着・ビーチグッズ,,,,톱(가슴둘레),수영복 여성,4134,원피스 수영복,,,,,,
アンダー,水着女性,4134,ワンピース水着,レディースファッション/水着・ビーチグッズ,,,,언더(밑가슴둘레),수영복 여성,4134,원피스 수영복,,,,,,
ウエスト,水着女性,4135,タンキニ,レディースファッション/水着・ビーチグッズ,,,,허리둘레,수영복 여성,4135,탱키니,,,,,,
ヒップ,水着女性,4135,タンキニ,レディースファッション/水着・ビーチグッズ,,,,힙둘레,수영복 여성,4135,탱키니,,,,,,
総丈,水着女性,4135,タンキニ,レディースファッション/水着・ビーチグッズ,,,,총장,수영복 여성,4135,탱키니,,,,,,
トップ,水着女性,4135,タンキニ,レディースファッション/水着・ビーチグッズ,,,,톱(가슴둘레),수영복 여성,4135,탱키니,,,,,,
アンダー,水着女性,4135,タンキニ,レディースファッション/水着・ビーチグッズ,,,,언더(밑가슴둘레),수영복 여성,4135,탱키니,,,,,,
着丈,トップス袖あり,4136,ラッシュガード,レディースファッション/水着・ビーチグッズ,,,,총장,상의 소매 있음,4136,래쉬가드,,,,,,
肩幅,トップス袖あり,4136,ラッシュガード,レディースファッション/水着・ビーチグッズ,,,,어깨너비,상의 소매 있음,4136,래쉬가드,,,,,,
胸囲,トップス袖あり,4136,ラッシュガード,レディースファッション/水着・ビーチグッズ,,,,가슴둘레,상의 소매 있음,4136,래쉬가드,,,,,,
袖丈,トップス袖あり,4136,ラッシュガード,レディースファッション/水着・ビーチグッズ,,,,소매길이,상의 소매 있음,4136,래쉬가드,,,,,,
縦,カバー・タオル系,4139,ビーチタオル,レディースファッション/水着・ビーチグッズ,,,,세로,커버·타월 계열,4139,비치 타월,,,,,,
横,カバー・タオル系,4139,ビーチタオル,レディースファッション/水着・ビーチグッズ,,,,가로,커버·타월 계열,4139,비치 타월,,,,,,
ウエスト,水着女性,4140,水着・ビーチグッズその他,レディースファッション/水着・ビーチグッズ,,,,허리둘레,수영복 여성,4140,수영복·비치 굿즈 기타,,,,,,
ヒップ,水着女性,4140,水着・ビーチグッズその他,レディースファッション/水着・ビーチグッズ,,,,힙둘레,수영복 여성,4140,수영복·비치 굿즈 기타,,,,,,
総丈,水着女性,4140,水着・ビーチグッズその他,レディースファッション/水着・ビーチグッズ,,,,총장,수영복 여성,4140,수영복·비치 굿즈 기타,,,,,,
トップ,水着女性,4140,水着・ビーチグッズその他,レディースファッション/水着・ビーチグッズ,,,,톱(가슴둘레),수영복 여성,4140,수영복·비치 굿즈 기타,,,,,,
アンダー,水着女性,4140,水着・ビーチグッズその他,レディースファッション/水着・ビーチグッズ,,,,언더(밑가슴둘레),수영복 여성,4140,수영복·비치 굿즈 기타,,,,,,
着丈,トップス袖あり,4145,フィットネストップス,レディースファッション/ヨガ・フィットネス,,,,총장,상의 소매 있음,4145,피트니스 상의,,,,,,
肩幅,トップス袖あり,4145,フィットネストップス,レディースファッション/ヨガ・フィットネス,,,,어깨너비,상의 소매 있음,4145,피트니스 상의,,,,,,
胸囲,トップス袖あり,4145,フィットネストップス,レディースファッション/ヨガ・フィットネス,,,,가슴둘레,상의 소매 있음,4145,피트니스 상의,,,,,,
袖丈,トップス袖あり,4145,フィットネストップス,レディースファッション/ヨガ・フィットネス,,,,소매길이,상의 소매 있음,4145,피트니스 상의,,,,,,
ウエスト,ボトムスパンツ,4146,フィットネスボトムス,レディースファッション/ヨガ・フィットネス,,,,허리둘레,하의 팬츠,4146,피트니스 하의,,,,,,
ヒップ,ボトムスパンツ,4146,フィットネスボトムス,レディースファッション/ヨガ・フィットネス,,,,힙둘레,하의 팬츠,4146,피트니스 하의,,,,,,
股上,ボトムスパンツ,4146,フィットネスボトムス,レディースファッション/ヨガ・フィットネス,,,,밑위,하의 팬츠,4146,피트니스 하의,,,,,,
股下,ボトムスパンツ,4146,フィットネスボトムス,レディースファッション/ヨガ・フィットネス,,,,인심,하의 팬츠,4146,피트니스 하의,,,,,,
もも周り,ボトムスパンツ,4146,フィットネスボトムス,レディースファッション/ヨガ・フィットネス,,,,허벅지 둘레,하의 팬츠,4146,피트니스 하의,,,,,,
すそ周り,ボトムスパンツ,4146,フィットネスボトムス,レディースファッション/ヨガ・フィットネス,,,,밑단 둘레,하의 팬츠,4146,피트니스 하의,,,,,,
縦,カバー・タオル系,4147,ヨガマット,レディースファッション/ヨガ・フィットネス,,,,세로,커버·타월 계열,4147,요가 매트,,,,,,
横,カバー・タオル系,4147,ヨガマット,レディースファッション/ヨガ・フィットネス,,,,가로,커버·타월 계열,4147,요가 매트,,,,,,
幅,バッグ持ち手あり,4148,フィットネスバッグ,レディースファッション/ヨガ・フィットネス,,,,가로,가방 손잡이 있음,4148,피트니스 백,,,,,,
高さ,バッグ持ち手あり,4148,フィットネスバッグ,レディースファッション/ヨガ・フィットネス,,,,세로,가방 손잡이 있음,4148,피트니스 백,,,,,,
マチ,バッグ持ち手あり,4148,フィットネスバッグ,レディースファッション/ヨガ・フィットネス,,,,폭(마치),가방 손잡이 있음,4148,피트니스 백,,,,,,
持ち手,バッグ持ち手あり,4148,フィットネスバッグ,レディースファッション/ヨガ・フィットネス,,,,손잡이 길이,가방 손잡이 있음,4148,피트니스 백,,,,,,
ヒール高,シューズ,4149,フィットネスシューズ,レディースファッション/ヨガ・フィットネス,,,,굽 높이,슈즈,4149,피트니스 슈즈,,,,,,
縦,イヤリング,4152,イヤリング,レディースファッション/アクセサリー,,,,세로,귀걸이,4152,귀걸이,,,,,,
横,イヤリング,4152,イヤリング,レディースファッション/アクセサリー,,,,가로,귀걸이,4152,귀걸이,,,,,,
着丈,トップス袖なし,4201,ベスト・ジレ,メンズファッション/トップス,,,,총장,상의 소매 없음,4201,베스트·조끼,,,,,,
胸囲,トップス袖なし,4201,ベスト・ジレ,メンズファッション/トップス,,,,가슴둘레,상의 소매 없음,4201,베스트·조끼,,,,,,
縦,イヤリング,4202,ピアス,メンズファッション/アクセサリー,,,,세로,귀걸이,4202,피어싱,,,,,,
横,イヤリング,4202,ピアス,メンズファッション/アクセサリー,,,,가로,귀걸이,4202,피어싱,,,,,,
幅,腕時計,4204,アナログ時計,メンズファッション/腕時計,,,,너비,손목시계,4204,아날로그 시계,,,,,,
手首周り,腕時計,4204,アナログ時計,メンズファッション/腕時計,,,,손목 둘레,손목시계,4204,아날로그 시계,,,,,,
文字盤縦,腕時計,4204,アナログ時計,メンズファッション/腕時計,,,,다이얼 세로,손목시계,4204,아날로그 시계,,,,,,
文字盤横,腕時計,4204,アナログ時計,メンズファッション/腕時計,,,,다이얼 가로,손목시계,4204,아날로그 시계,,,,,,
幅,腕時計,4205,デジタル時計,メンズファッション/腕時計,,,,너비,손목시계,4205,디지털 시계,,,,,,
手首周り,腕時計,4205,デジタル時計,メンズファッション/腕時計,,,,손목 둘레,손목시계,4205,디지털 시계,,,,,,
文字盤縦,腕時計,4205,デジタル時計,メンズファッション/腕時計,,,,다이얼 세로,손목시계,4205,디지털 시계,,,,,,
文字盤横,腕時計,4205,デジタル時計,メンズファッション/腕時計,,,,다이얼 가로,손목시계,4205,디지털 시계,,,,,,
幅,腕時計,4206,腕時計その他,メンズファッション/腕時計,,,,너비,손목시계,4206,손목시계 기타,,,,,,
手首周り,腕時計,4206,腕時計その他,メンズファッション/腕時計,,,,손목 둘레,손목시계,4206,손목시계 기타,,,,,,
文字盤縦,腕時計,4206,腕時計その他,メンズファッション/腕時計,,,,다이얼 세로,손목시계,4206,손목시계 기타,,,,,,
文字盤横,腕時計,4206,腕時計その他,メンズファッション/腕時計,,,,다이얼 가로,손목시계,4206,손목시계 기타,,,,,,
高さ,帽子,4207,ハット,メンズファッション/帽子,,,,높이,모자,4207,햇(Hat),,,,,,
頭周り,帽子,4207,ハット,メンズファッション/帽子,,,,머리 둘레,모자,4207,햇(Hat),,,,,,
つば,帽子,4207,ハット,メンズファッション/帽子,,,,챙 길이,모자,4207,햇(Hat),,,,,,
高さ,帽子,4208,キャップ,メンズファッション/帽子,,,,높이,모자,4208,캡(Cap),,,,,,
頭周り,帽子,4208,キャップ,メンズファッション/帽子,,,,머리 둘레,모자,4208,캡(Cap),,,,,,
つば,帽子,4208,キャップ,メンズファッション/帽子,,,,챙 길이,모자,4208,캡(Cap),,,,,,
高さ,帽子,4209,ストローハット,メンズファッション/帽子,,,,높이,모자,4209,스트로 햇(밀짚모자),,,,,,
頭周り,帽子,4209,ストローハット,メンズファッション/帽子,,,,머리 둘레,모자,4209,스트로 햇(밀짚모자),,,,,,
つば,帽子,4209,ストローハット,メンズファッション/帽子,,,,챙 길이,모자,4209,스트로 햇(밀짚모자),,,,,,
高さ,帽子,4210,ニットキャップ・ビーニー,メンズファッション/帽子,,,,높이,모자,4210,니트 캡·비니,,,,,,
頭周り,帽子,4210,ニットキャップ・ビーニー,メンズファッション/帽子,,,,머리 둘레,모자,4210,니트 캡·비니,,,,,,
つば,帽子,4210,ニットキャップ・ビーニー,メンズファッション/帽子,,,,챙 길이,모자,4210,니트 캡·비니,,,,,,
高さ,帽子,4211,ハンチング・キャスケット,メンズファッション/帽子,,,,높이,모자,4211,헌팅캡·캐스킷,,,,,,
頭周り,帽子,4211,ハンチング・キャスケット,メンズファッション/帽子,,,,머리 둘레,모자,4211,헌팅캡·캐스킷,,,,,,
つば,帽子,4211,ハンチング・キャスケット,メンズファッション/帽子,,,,챙 길이,모자,4211,헌팅캡·캐스킷,,,,,,
高さ,帽子,4212,ベレー帽,メンズファッション/帽子,,,,높이,모자,4212,베레모,,,,,,
頭周り,帽子,4212,ベレー帽,メンズファッション/帽子,,,,머리 둘레,모자,4212,베레모,,,,,,
つば,帽子,4212,ベレー帽,メンズファッション/帽子,,,,챙 길이,모자,4212,베레모,,,,,,
高さ,帽子,4213,サンバイザー,メンズファッション/帽子,,,,높이,모자,4213,썬바이저,,,,,,
頭周り,帽子,4213,サンバイザー,メンズファッション/帽子,,,,머리 둘레,모자,4213,썬바이저,,,,,,
つば,帽子,4213,サンバイザー,メンズファッション/帽子,,,,챙 길이,모자,4213,썬바이저,,,,,,
高さ,帽子,4214,帽子その他,メンズファッション/帽子,,,,높이,모자,4214,모자 기타,,,,,,
頭周り,帽子,4214,帽子その他,メンズファッション/帽子,,,,머리 둘레,모자,4214,모자 기타,,,,,,
つば,帽子,4214,帽子その他,メンズファッション/帽子,,,,챙 길이,모자,4214,모자 기타,,,,,,
着丈,トップス袖あり,4223,ラッシュガード,メンズファッション/水着・ビーチグッズ,,,,총장,상의 소매 있음,4223,래쉬가드,,,,,,
肩幅,トップス袖あり,4223,ラッシュガード,メンズファッション/水着・ビーチグッズ,,,,어깨너비,상의 소매 있음,4223,래쉬가드,,,,,,
胸囲,トップス袖あり,4223,ラッシュガード,メンズファッション/水着・ビーチグッズ,,,,가슴둘레,상의 소매 있음,4223,래쉬가드,,,,,,
袖丈,トップス袖あり,4223,ラッシュガード,メンズファッション/水着・ビーチグッズ,,,,소매길이,상의 소매 있음,4223,래쉬가드,,,,,,
縦,カバー・タオル系,4225,ビーチタオル,メンズファッション/水着・ビーチグッズ,,,,세로,커버·타월 계열,4225,비치 타월,,,,,,
横,カバー・タオル系,4225,ビーチタオル,メンズファッション/水着・ビーチグッズ,,,,가로,커버·타월 계열,4225,비치 타월,,,,,,
着丈,トップス袖あり,4227,フィットネストップス,メンズファッション/フィットネス,,,,총장,상의 소매 있음,4227,피트니스 상의,,,,,,
肩幅,トップス袖あり,4227,フィットネストップス,メンズファッション/フィットネス,,,,어깨너비,상의 소매 있음,4227,피트니스 상의,,,,,,
胸囲,トップス袖あり,4227,フィットネストップス,メンズファッション/フィットネス,,,,가슴둘레,상의 소매 있음,4227,피트니스 상의,,,,,,
袖丈,トップス袖あり,4227,フィットネストップス,メンズファッション/フィットネス,,,,소매길이,상의 소매 있음,4227,피트니스 상의,,,,,,
ウエスト,ボトムスパンツ,4228,フィットネスボトムス,メンズファッション/フィットネス,,,,허리둘레,하의 팬츠,4228,피트니스 하의,,,,,,
ヒップ,ボトムスパンツ,4228,フィットネスボトムス,メンズファッション/フィットネス,,,,힙둘레,하의 팬츠,4228,피트니스 하의,,,,,,
股上,ボトムスパンツ,4228,フィットネスボトムス,メンズファッション/フィットネス,,,,밑위,하의 팬츠,4228,피트니스 하의,,,,,,
股下,ボトムスパンツ,4228,フィットネスボトムス,メンズファッション/フィットネス,,,,인심,하의 팬츠,4228,피트니스 하의,,,,,,
もも周り,ボトムスパンツ,4228,フィットネスボトムス,メンズファッション/フィットネス,,,,허벅지 둘레,하의 팬츠,4228,피트니스 하의,,,,,,
すそ周り,ボトムスパンツ,4228,フィットネスボトムス,メンズファッション/フィットネス,,,,밑단 둘레,하의 팬츠,4228,피트니스 하의,,,,,,
幅,バッグ持ち手あり,4229,フィットネスバッグ,メンズファッション/フィットネス,,,,가로,가방 손잡이 있음,4229,피트니스 백,,,,,,
高さ,バッグ持ち手あり,4229,フィットネスバッグ,メンズファッション/フィットネス,,,,세로,가방 손잡이 있음,4229,피트니스 백,,,,,,
マチ,バッグ持ち手あり,4229,フィットネスバッグ,メンズファッション/フィットネス,,,,폭(마치),가방 손잡이 있음,4229,피트니스 백,,,,,,
持ち手,バッグ持ち手あり,4229,フィットネスバッグ,メンズファッション/フィットネス,,,,손잡이 길이,가방 손잡이 있음,4229,피트니스 백,,,,,,
縦,イヤリング,4234,イヤリング,メンズファッション/アクセサリー,,,,세로,귀걸이,4234,귀걸이,,,,,,
横,イヤリング,4234,イヤリング,メンズファッション/アクセサリー,,,,가로,귀걸이,4234,귀걸이,,,,,,
幅,マフラー・スカーフ,4235,ストール,メンズファッション/ファッション雑貨・小物,,,,너비,머플러·스카프,4235,스톨,,,,,,
長さ,マフラー・スカーフ,4235,ストール,メンズファッション/ファッション雑貨・小物,,,,길이,머플러·스카프,4235,스톨,,,,,,
着丈,トップス袖あり,4236,フリースジャケット,メンズファッション/アウター・ジャケット,,,,총장,상의 소매 있음,4236,후리스 재킷,,,,,,
肩幅,トップス袖あり,4236,フリースジャケット,メンズファッション/アウター・ジャケット,,,,어깨너비,상의 소매 있음,4236,후리스 재킷,,,,,,
胸囲,トップス袖あり,4236,フリースジャケット,メンズファッション/アウター・ジャケット,,,,가슴둘레,상의 소매 있음,4236,후리스 재킷,,,,,,
袖丈,トップス袖あり,4236,フリースジャケット,メンズファッション/アウター・ジャケット,,,,소매길이,상의 소매 있음,4236,후리스 재킷,,,,,,
高さ,食器系（グラス・コップ）,4401,タンブラー・水筒,ライフスタイル/キッチン・ダイニング,,,,높이,식기 계열(글라스·컵),4401,텀블러·물통,,,,,,
直径,食器系（グラス・コップ）,4401,タンブラー・水筒,ライフスタイル/キッチン・ダイニング,,,,지름,식기 계열(글라스·컵),4401,텀블러·물통,,,,,,
幅,家具・インテリア,4405,棚・ラック・収納,ライフスタイル/家具・日用品,,,,너비,가구·인테리어,4405,선반·랙·수납,,,,,,
高さ,家具・インテリア,4405,棚・ラック・収納,ライフスタイル/家具・日用品,,,,높이,가구·인테리어,4405,선반·랙·수납,,,,,,
奥行,家具・インテリア,4405,棚・ラック・収納,ライフスタイル/家具・日用品,,,,깊이,가구·인테리어,4405,선반·랙·수납,,,,,,
幅,家具・インテリア,4406,照明,ライフスタイル/家具・日用品,,,,너비,가구·인테리어,4406,조명,,,,,,
高さ,家具・インテリア,4406,照明,ライフスタイル/家具・日用品,,,,높이,가구·인테리어,4406,조명,,,,,,
奥行,家具・インテリア,4406,照明,ライフスタイル/家具・日用品,,,,깊이,가구·인테리어,4406,조명,,,,,,
幅,家具・インテリア,4407,バス・ランドリー,ライフスタイル/家具・日用品,,,,너비,가구·인테리어,4407,바스·세탁,,,,,,
高さ,家具・インテリア,4407,バス・ランドリー,ライフスタイル/家具・日用品,,,,높이,가구·인테리어,4407,바스·세탁,,,,,,
奥行,家具・インテリア,4407,バス・ランドリー,ライフスタイル/家具・日用品,,,,깊이,가구·인테리어,4407,바스·세탁,,,,,,
幅,家具・インテリア,4408,洗剤・清掃グッズ,ライフスタイル/家具・日用品,,,,너비,가구·인테리어,4408,세제·청소 용품,,,,,,
高さ,家具・インテリア,4408,洗剤・清掃グッズ,ライフスタイル/家具・日用品,,,,높이,가구·인테리어,4408,세제·청소 용품,,,,,,
奥行,家具・インテリア,4408,洗剤・清掃グッズ,ライフスタイル/家具・日用品,,,,깊이,가구·인테리어,4408,세제·청소 용품,,,,,,
幅,家具・インテリア,4409,ダストボックス(ゴミ箱)・傘立て,ライフスタイル/家具・日用品,,,,너비,가구·인테리어,4409,쓰레기통·우산꽂이,,,,,,
高さ,家具・インテリア,4409,ダストボックス(ゴミ箱)・傘立て,ライフスタイル/家具・日用品,,,,높이,가구·인테리어,4409,쓰레기통·우산꽂이,,,,,,
奥行,家具・インテリア,4409,ダストボックス(ゴミ箱)・傘立て,ライフスタイル/家具・日用品,,,,깊이,가구·인테리어,4409,쓰레기통·우산꽂이,,,,,,
幅,家具・インテリア,4410,家具・日用品その他,ライフスタイル/家具・日用品,,,,너비,가구·인테리어,4410,가구·일용품 기타,,,,,,
高さ,家具・インテリア,4410,家具・日用品その他,ライフスタイル/家具・日用品,,,,높이,가구·인테리어,4410,가구·일용품 기타,,,,,,
奥行,家具・インテリア,4410,家具・日用品その他,ライフスタイル/家具・日用品,,,,깊이,가구·인테리어,4410,가구·일용품 기타,,,,,,
幅,家具・インテリア,4411,ポスター,ライフスタイル/インテリア雑貨,,,,너비,가구·인테리어,4411,포스터,,,,,,
高さ,家具・インテリア,4411,ポスター,ライフスタイル/インテリア雑貨,,,,높이,가구·인테리어,4411,포스터,,,,,,
奥行,家具・インテリア,4411,ポスター,ライフスタイル/インテリア雑貨,,,,깊이,가구·인테리어,4411,포스터,,,,,,
幅,壁紙系,4412,壁紙,ライフスタイル/インテリア雑貨,,,,너비,벽지 계열,4412,벽지,,,,,,
高さ,壁紙系,4412,壁紙,ライフスタイル/インテリア雑貨,,,,높이,벽지 계열,4412,벽지,,,,,,
幅,家具・インテリア,4413,タペストリー,ライフスタイル/インテリア雑貨,,,,너비,가구·인테리어,4413,타페스트리,,,,,,
高さ,家具・インテリア,4413,タペストリー,ライフスタイル/インテリア雑貨,,,,높이,가구·인테리어,4413,타페스트리,,,,,,
奥行,家具・インテリア,4413,タペストリー,ライフスタイル/インテリア雑貨,,,,깊이,가구·인테리어,4413,타페스트리,,,,,,
幅,家具・インテリア,4414,ルームフレグランス,ライフスタイル/インテリア雑貨,,,,너비,가구·인테리어,4414,룸 프래그런스(디퓨저),,,,,,
高さ,家具・インテリア,4414,ルームフレグランス,ライフスタイル/インテリア雑貨,,,,높이,가구·인테리어,4414,룸 프래그넌스(디퓨저),,,,,,
奥行,家具・インテリア,4414,ルームフレグランス,ライフスタイル/インテリア雑貨,,,,깊이,가구·인테리어,4414,룸 프래그넌스(디퓨저),,,,,,
幅,家具・インテリア,4415,キャンドル,ライフスタイル/インテリア雑貨,,,,너비,가구·인테리어,4415,캔들,,,,,,
高さ,家具・インテリア,4415,キャンドル,ライフスタイル/インテリア雑貨,,,,높이,가구·인테리어,4415,캔들,,,,,,
奥行,家具・インテリア,4415,キャンドル,ライフスタイル/インテリア雑貨,,,,깊이,가구·인테리어,4415,캔들,,,,,,
幅,家具・インテリア,4416,時計,ライフスタイル/インテリア雑貨,,,,너비,가구·인테리어,4416,시계,,,,,,
高さ,家具・インテリア,4416,時計,ライフスタイル/インテリア雑貨,,,,높이,가구·인테리어,4416,시계,,,,,,
奥行,家具・インテリア,4416,時計,ライフスタイル/インテリア雑貨,,,,깊이,가구·인테리어,4416,시계,,,,,,
幅,家具・インテリア,4417,キャンバスアート・絵画,ライフスタイル/インテリア雑貨,,,,너비,가구·인테리어,4417,캔버스 아트·회화,,,,,,
高さ,家具・インテリア,4417,キャンバスアート・絵画,ライフスタイル/インテリア雑貨,,,,높이,가구·인테리어,4417,캔버스 아트·회화,,,,,,
奥行,家具・インテリア,4417,キャンバスアート・絵画,ライフスタイル/インテリア雑貨,,,,깊이,가구·인테리어,4417,캔버스 아트·회화,,,,,,
幅,スーツケース,4418,スーツケース・キャリーケース,ライフスタイル/トラベルグッズ,,,,너비,수트케이스,4418,수트케이스·캐리어,,,,,,
高さ,スーツケース,4418,スーツケース・キャリーケース,ライフスタイル/トラベルグッズ,,,,높이,수트케이스,4418,수트케이스·캐리어,,,,,,
奥行,スーツケース,4418,スーツケース・キャリーケース,ライフスタイル/トラベルグッズ,,,,깊이,수트케이스,4418,수트케이스·캐리어,,,,,,
縦,財布系,4420,パスポートケース・ウォレット,ライフスタイル/トラベルグッズ,,,,세로,지갑 계열,4420,여권 케이스·월렛,,,,,,
横,財布系,4420,パスポートケース・ウォレット,ライフスタイル/トラベルグッズ,,,,가로,지갑 계열,4420,여권 케이스·월렛,,,,,,
厚み,財布系,4420,パスポートケース・ウォレット,ライフスタイル/トラベルグッズ,,,,두께,지갑 계열,4420,여권 케이스·월렛,,,,,,
幅,バッグ持ち手なし,4421,トラベルポーチ,ライフスタイル/トラベルグッズ,,,,가로,가방 손잡이 없음,4421,트래블 파우치,,,,,,
高さ,バッグ持ち手なし,4421,トラベルポーチ,ライフスタイル/トラベルグッズ,,,,세로,가방 손잡이 없음,4421,트래블 파우치,,,,,,
マチ,バッグ持ち手なし,4421,トラベルポーチ,ライフスタイル/トラベルグッズ,,,,폭(마치),가방 손잡이 없음,4421,트래블 파우치,,,,,,
幅,バッグ持ち手あり,4423,ペットキャリー・スリング,ライフスタイル/ペット用品,,,,가로,가방 손잡이 있음,4423,펫 캐리어·슬링백,,,,,,
高さ,バッグ持ち手あり,4423,ペットキャリー・スリング,ライフスタイル/ペット用品,,,,세로,가방 손잡이 있음,4423,펫 캐리어·슬링백,,,,,,
マチ,バッグ持ち手あり,4423,ペットキャリー・スリング,ライフスタイル/ペット用品,,,,폭(마치),가방 손잡이 있음,4423,펫 캐리어·슬링백,,,,,,
持ち手,バッグ持ち手あり,4423,ペットキャリー・スリング,ライフスタイル/ペット用品,,,,손잡이 길이,가방 손잡이 있음,4423,펫 캐리어·슬링백,,,,,,
着丈,トップス袖あり,4424,ペット(犬猫)服,ライフスタイル/ペット用品,,,,총장,상의 소매 있음,4424,반려동물(강아지/고양이) 옷,,,,,,
肩幅,トップス袖あり,4424,ペット(犬猫)服,ライフスタイル/ペット用品,,,,어깨너비,상의 소매 있음,4424,반려동물(강아지/고양이) 옷,,,,,,
胸囲,トップス袖あり,4424,ペット(犬猫)服,ライフスタイル/ペット用品,,,,가슴둘레,상의 소매 있음,4424,반려동물(강아지/고양이) 옷,,,,,,
袖丈,トップス袖あり,4424,ペット(犬猫)服,ライフスタイル/ペット用品,,,,소매길이,상의 소매 있음,4424,반려동물(강아지/고양이) 옷,,,,,,
幅,家具・インテリア,4425,ペットベッド・クッション,ライフスタイル/ペット用品,,,,너비,가구·인테리어,4425,펫 침대·쿠션,,,,,,
高さ,家具・インテリア,4425,ペットベッド・クッション,ライフスタイル/ペット用品,,,,높이,가구·인테리어,4425,펫 침대·쿠션,,,,,,
奥行,家具・インテリア,4425,ペットベッド・クッション,ライフスタイル/ペット用品,,,,깊이,가구·인테리어,4425,펫 침대·쿠션,,,,,,
幅,家具・インテリア,4426,ペット用おもちゃ,ライフスタイル/ペット用品,,,,너비,가구·인테리어,4426,펫 장난감,,,,,,
高さ,家具・インテリア,4426,ペット用おもちゃ,ライフスタイル/ペット用品,,,,높이,가구·인테리어,4426,펫 장난감,,,,,,
奥行,家具・インテリア,4426,ペット用おもちゃ,ライフスタイル/ペット用品,,,,깊이,가구·인테리어,4426,펫 장난감,,,,,,
幅,家具・インテリア,4427,フードボウル・えさ関連,ライフスタイル/ペット用品,,,,너비,가구·인테리어,4427,식기·사료 관련 용품,,,,,,
高さ,家具・インテリア,4427,フードボウル・えさ関連,ライフスタイル/ペット用品,,,,높이,가구·인테리어,4427,식기·사료 관련 용품,,,,,,
奥行,家具・インテリア,4427,フードボウル・えさ関連,ライフスタイル/ペット用品,,,,깊이,가구·인테리어,4427,식기·사료 관련 용품,,,,,,
幅,家具・インテリア,4428,ペットケア用品,ライフスタイル/ペット用品,,,,너비,가구·인테리어,4428,펫 케어 용품,,,,,,
高さ,家具・インテリア,4428,ペットケア用品,ライフスタイル/ペット用品,,,,높이,가구·인테리어,4428,펫 케어 용품,,,,,,
奥行,家具・インテリア,4428,ペットケア用品,ライフスタイル/ペット用品,,,,깊이,가구·인테리어,4428,펫 케어 용품,,,,,,
幅,家具・インテリア,4431,アウトドア(キャンプ)チェア,ライフスタイル/レジャー・アウトドア・キャンプ,,,,너비,가구·인테리어,4431,아웃도어(캠핑) 체어,,,,,,
高さ,家具・インテリア,4431,アウトドア(キャンプ)チェア,ライフスタイル/レジャー・アウトドア・キャンプ,,,,높이,가구·인테리어,4431,아웃도어(캠핑) 체어,,,,,,
奥行,家具・インテリア,4431,アウトドア(キャンプ)チェア,ライフスタイル/レジャー・アウトドア・キャンプ,,,,깊이,가구·인테리어,4431,아웃도어(캠핑) 체어,,,,,,
高さ,小物・家具系,4432,寝袋・シュラフ,ライフスタイル/レジャー・アウトドア・キャンプ,,,,높이,소품·가구 계열,4432,침낭·슈라프,,,,,,
縦,小物・家具系,4432,寝袋・シュラフ,ライフスタイル/レジャー・アウトドア・キャンプ,,,,세로,소품·가구 계열,4432,침낭·슈라프,,,,,,
横,小物・家具系,4432,寝袋・シュラフ,ライフスタイル/レジャー・アウトドア・キャンプ,,,,가로,소품·가구 계열,4432,침낭·슈라프,,,,,,
幅,家具・インテリア,4433,テント・シェルター,ライフスタイル/レジャー・アウトドア・キャンプ,,,,너비,가구·인테리어,4433,텐트·쉘터,,,,,,
高さ,家具・インテリア,4433,テント・シェルター,ライフスタイル/レジャー・アウトドア・キャンプ,,,,높이,가구·인테리어,4433,텐트·쉘터,,,,,,
奥行,家具・インテリア,4433,テント・シェルター,ライフスタイル/レジャー・アウトドア・キャンプ,,,,깊이,가구·인테리어,4433,텐트·쉘터,,,,,,
幅,家具・インテリア,4446,椅子・チェア,ライフスタイル/家具・日用品,,,,너비,가구·인테리어,4446,의자·체어,,,,,,
高さ,家具・インテリア,4446,椅子・チェア,ライフスタイル/家具・日用品,,,,높이,가구·인테리어,4446,의자·체어,,,,,,
奥行,家具・インテリア,4446,椅子・チェア,ライフスタイル/家具・日用品,,,,깊이,가구·인테리어,4446,의자·체어,,,,,,
幅,家具・インテリア,4447,机・テーブル,ライフスタイル/家具・日用品,,,,너비,가구·인테리어,4447,책상·테이블,,,,,,
高さ,家具・インテリア,4447,机・テーブル,ライフスタイル/家具・日用品,,,,높이,가구·인테리어,4447,책상·테이블,,,,,,
奥行,家具・インテリア,4447,机・テーブル,ライフスタイル/家具・日用品,,,,깊이,가구·인테리어,4447,책상·테이블,,,,,,
幅,家具・インテリア,4448,鏡台・ドレッサー,ライフスタイル/家具・日用品,,,,너비,가구·인테리어,4448,화장대·드레서,,,,,,
高さ,家具・インテリア,4448,鏡台・ドレッサー,ライフスタイル/家具・日用品,,,,높이,가구·인테리어,4448,화장대·드레서,,,,,,
奥行,家具・インテリア,4448,鏡台・ドレッサー,ライフスタイル/家具・日用品,,,,깊이,가구·인테리어,4448,화장대·드레서,,,,,,
幅,家具・インテリア,4449,ソファ,ライフスタイル/家具・日用品,,,,너비,가구·인테리어,4449,소파,,,,,,
高さ,家具・インテリア,4449,ソファ,ライフスタイル/家具・日用品,,,,높이,가구·인테리어,4449,소파,,,,,,
奥行,家具・インテリア,4449,ソファ,ライフスタイル/家具・日用品,,,,깊이,가구·인테리어,4449,소파,,,,,,
幅,家具・インテリア,4450,スツール・オットマン,ライフスタイル/家具・日用品,,,,너비,가구·인테리어,4450,스툴·오토만,,,,,,
高さ,家具・インテリア,4450,スツール・オットマン,ライフスタイル/家具・日用品,,,,높이,가구·인테리어,4450,스툴·오토만,,,,,,
奥行,家具・インテリア,4450,スツール・オットマン,ライフスタイル/家具・日用品,,,,깊이,가구·인테리어,4450,스툴·오토만,,,,,,
幅,家具・インテリア,4451,ベッド・ヘッドボード,ライフスタイル/家具・日用品,,,,너비,가구·인테리어,4451,침대·헤드보드,,,,,,
高さ,家具・インテリア,4451,ベッド・ヘッドボード,ライフスタイル/家具・日用品,,,,높이,가구·인테리어,4451,침대·헤드보드,,,,,,
奥行,家具・インテリア,4451,ベッド・ヘッドボード,ライフスタイル/家具・日用品,,,,깊이,가구·인테리어,4451,침대·헤드보드,,,,,,
幅,家具・インテリア,4452,ペットステップ,ライフスタイル/ペット用品,,,,너비,가구·인테리어,4452,펫 스텝(계단),,,,,,
高さ,家具・インテリア,4452,ペットステップ,ライフスタイル/ペット用品,,,,높이,가구·인테리어,4452,펫 스텝(계단),,,,,,
奥行,家具・インテリア,4452,ペットステップ,ライフスタイル/ペット用品,,,,깊이,가구·인테리어,4452,펫 스텝(계단),,,,,,
幅,家具・インテリア,4453,カーシート・ドライブボックス,ライフスタイル/ペット用品,,,,너비,가구·인테리어,4453,카시트·드라이브 박스,,,,,,
高さ,家具・インテリア,4453,カーシート・ドライブボックス,ライフスタイル/ペット用品,,,,높이,가구·인테리어,4453,카시트·드라이브 박스,,,,,,
奥行,家具・インテリア,4453,カーシート・ドライブボックス,ライフスタイル/ペット用品,,,,깊이,가구·인테리어,4453,카시트·드라이브 박스,,,,,,
幅,家具・インテリア,4454,クーラーボックス・クーラーバッグ,ライフスタイル/レジャー・アウトドア・キャンプ,,,,너비,가구·인테리어,4454,쿨러백·아이스박스,,,,,,
高さ,家具・インテリア,4454,クーラーボックス・クーラーバッグ,ライフスタイル/レジャー・アウトドア・キャンプ,,,,높이,가구·인테리어,4454,쿨러백·아이스박스,,,,,,
奥行,家具・インテリア,4454,クーラーボックス・クーラーバッグ,ライフスタイル/レジャー・アウトドア・キャンプ,,,,깊이,가구·인테리어,4454,쿨러백·아이스박스,,,,,,
縦,カバー・タオル系,4456,マット,ライフスタイル/ファブリック,,,,세로,커버·타월 계열,4456,매트,,,,,,
横,カバー・タオル系,4456,マット,ライフスタイル/ファブリック,,,,가로,커버·타월 계열,4456,매트,,,,,,
幅,家具・インテリア,4457,オブジェ・置物,ライフスタイル/インテリア雑貨,,,,너비,가구·인테리어,4457,오브제·장식품,,,,,,
高さ,家具・インテリア,4457,オブジェ・置物,ライフスタイル/インテリア雑貨,,,,높이,가구·인테리어,4457,오브제·장식품,,,,,,
奥行,家具・インテリア,4457,オブジェ・置物,ライフスタイル/インテリア雑貨,,,,깊이,가구·인테리어,4457,오브제·장식품,,,,,,
幅,家具・インテリア,4458,フェイクグリーン,ライフスタイル/インテリア雑貨,,,,너비,가구·인테리어,4458,페이크 그린(조화),,,,,,
高さ,家具・インテリア,4458,フェイクグリーン,ライフスタイル/インテリア雑貨,,,,높이,가구·인테리어,4458,페이크 그린(조화),,,,,,
奥行,家具・インテリア,4458,フェイクグリーン,ライフスタイル/インテリア雑貨,,,,깊이,가구·인테리어,4458,페이크 그린(조화),,,,,,
縦,カバー・タオル系,4459,ペット用毛布,ライフスタイル/ペット用品,,,,세로,커버·타월 계열,4459,펫 담요,,,,,,
横,カバー・タオル系,4459,ペット用毛布,ライフスタイル/ペット用品,,,,가로,커버·타월 계열,4459,펫 담요,,,,,,
幅,家具・インテリア,4460,カレンダー,ライフスタイル/インテリア雑貨,,,,너비,가구·인테리어,4460,캘린더,,,,,,
高さ,家具・インテリア,4460,カレンダー,ライフスタイル/インテリア雑貨,,,,높이,가구·인테리어,4460,캘린더,,,,,,
奥行,家具・インテリア,4460,カレンダー,ライフスタイル/インテリア雑貨,,,,깊이,가구·인테리어,4460,캘린더,,,,,,
幅,家具・インテリア,4462,生活家電,ライフスタイル/デザイン家電,,,,너비,가구·인테리어,4462,생활 가전,,,,,,
高さ,家具・インテリア,4462,生活家電,ライフスタイル/デザイン家電,,,,높이,가구·인테리어,4462,생활 가전,,,,,,
奥行,家具・インテリア,4462,生活家電,ライフスタイル/デザイン家電,,,,깊이,가구·인테리어,4462,생활 가전,,,,,,
幅,家具・インテリア,4463,キッチン家電,ライフスタイル/デザイン家電,,,,너비,가구·인테리어,4463,주방 가전,,,,,,
高さ,家具・インテリア,4463,キッチン家電,ライフスタイル/デザイン家電,,,,높이,가구·인테리어,4463,주방 가전,,,,,,
奥行,家具・インテリア,4463,キッチン家電,ライフスタイル/デザイン家電,,,,깊이,가구·인테리어,4463,주방 가전,,,,,,
幅,家具・インテリア,4464,スマホ・パソコン・ゲーム関連機器,ライフスタイル/デザイン家電,,,,너비,가구·인테리어,4464,스마트폰·PC·게임 기기,,,,,,
高さ,家具・インテリア,4464,スマホ・パソコン・ゲーム関連機器,ライフスタイル/デザイン家電,,,,높이,가구·인테리어,4464,스마트폰·PC·게임 기기,,,,,,
奥行,家具・インテリア,4464,スマホ・パソコン・ゲーム関連機器,ライフスタイル/デザイン家電,,,,깊이,가구·인테리어,4464,스마트폰·PC·게임 기기,,,,,,
幅,家具・インテリア,4465,デザイン家電その他,ライフスタイル/デザイン家電,,,,너비,가구·인테리어,4465,디자인 가전 기타,,,,,,
高さ,家具・インテリア,4465,デザイン家電その他,ライフスタイル/デザイン家電,,,,높이,가구·인테리어,4465,디자인 가전 기타,,,,,,
奥行,家具・インテリア,4465,デザイン家電その他,ライフスタイル/デザイン家電,,,,깊이,가구·인테리어,4465,디자인 가전 기타,,,,,,
着丈,トップス袖あり,4513,キッズ用トップス,ベビー・キッズ/子供服・ファッション用品(85cm～),,,,총장,상의 소매 있음,4513,아동용 상의,,,,,,
肩幅,トップス袖あり,4513,キッズ用トップス,ベビー・キッズ/子供服・ファッション用品(85cm～),,,,어깨너비,상의 소매 있음,4513,아동용 상의,,,,,,
胸囲,トップス袖あり,4513,キッズ用トップス,ベビー・キッズ/子供服・ファッション用品(85cm～),,,,가슴둘레,상의 소매 있음,4513,아동용 상의,,,,,,
袖丈,トップス袖あり,4513,キッズ用トップス,ベビー・キッズ/子供服・ファッション用品(85cm～),,,,소매길이,상의 소매 있음,4513,아동용 상의,,,,,,
ウエスト,ボトムスパンツ,4514,キッズ用ボトムス,ベビー・キッズ/子供服・ファッション用品(85cm～),,,,허리둘레,하의 팬츠,4514,아동용 하의,,,,,,
ヒップ,ボトムスパンツ,4514,キッズ用ボトムス,ベビー・キッズ/子供服・ファッション用品(85cm～),,,,힙둘레,하의 팬츠,4514,아동용 하의,,,,,,
股上,ボトムスパンツ,4514,キッズ用ボトムス,ベビー・キッズ/子供服・ファッション用品(85cm～),,,,밑위,하의 팬츠,4514,아동용 하의,,,,,,
股下,ボトムスパンツ,4514,キッズ用ボトムス,ベビー・キッズ/子供服・ファッション用品(85cm～),,,,인심,하의 팬츠,4514,아동용 하의,,,,,,
もも周り,ボトムスパンツ,4514,キッズ用ボトムス,ベビー・キッズ/子供服・ファッション用品(85cm～),,,,허벅지 둘레,하의 팬츠,4514,아동용 하의,,,,,,
すそ周り,ボトムスパンツ,4514,キッズ用ボトムス,ベビー・キッズ/子供服・ファッション用品(85cm～),,,,밑단 둘레,하의 팬츠,4514,아동용 하의,,,,,,
着丈,ワンピース系,4515,キッズワンピース・オールインワン,ベビー・キッズ/子供服・ファッション用品(85cm～),,,,총장,원피스 계열,4515,아동 원피스·올인원,,,,,,
肩幅,ワンピース系,4515,キッズワンピース・オールインワン,ベビー・キッズ/子供服・ファッション用品(85cm～),,,,어깨너비,원피스 계열,4515,아동 원피스·올인원,,,,,,
胸囲,ワンピース系,4515,キッズワンピース・オールインワン,ベビー・キッズ/子供服・ファッション用品(85cm～),,,,가슴둘레,원피스 계열,4515,아동 원피스·올인원,,,,,,
袖丈,ワンピース系,4515,キッズワンピース・オールインワン,ベビー・キッズ/子供服・ファッション用品(85cm～),,,,소매길이,원피스 계열,4515,아동 원피스·올인원,,,,,,
ウエスト,ワンピース系,4515,キッズワンピース・オールインワン,ベビー・キッズ/子供服・ファッション用品(85cm～),,,,허리둘레,원피스 계열,4515,아동 원피스·올인원,,,,,,
ヒップ,ワンピース系,4515,キッズワンピース・オールインワン,ベビー・キッズ/子供服・ファッション用品(85cm～),,,,힙둘레,원피스 계열,4515,아동 원피스·올인원,,,,,,
着丈,トップス袖あり,4516,キッズアウター,ベビー・キッズ/子供服・ファッション用品(85cm～),,,,총장,상의 소매 있음,4516,아동 아우터,,,,,,
肩幅,トップス袖あり,4516,キッズアウター,ベビー・キッズ/子供服・ファッション用品(85cm～),,,,어깨너비,상의 소매 있음,4516,아동 아우터,,,,,,
胸囲,トップス袖あり,4516,キッズアウター,ベビー・キッズ/子供服・ファッション用品(85cm～),,,,가슴둘레,상의 소매 있음,4516,아동 아우터,,,,,,
袖丈,トップス袖あり,4516,キッズアウター,ベビー・キッズ/子供服・ファッション用品(85cm～),,,,소매길이,상의 소매 있음,4516,아동 아우터,,,,,,
高さ,ブーツ女性,4534,キッズブーツ,ベビー・キッズ/キッズシューズ・子供靴(14.5cm～),,,,높이,부츠 여성,4534,아동 부츠,,,,,,
ヒール高,ブーツ女性,4534,キッズブーツ,ベビー・キッズ/キッズシューズ・子供靴(14.5cm～),,,,굽 높이,부츠 여성,4534,아동 부츠,,,,,,
つつ周り,ブーツ女性,4534,キッズブーツ,ベビー・キッズ/キッズシューズ・子供靴(14.5cm～),,,,종아리 둘레,부츠 여성,4534,아동 부츠,,,,,,
着丈,トップス袖あり,4539,マタニティトップス,ベビー・キッズ/マタニティウェア・授乳服・グッズ,,,,총장,상의 소매 있음,4539,마タニ티(임산부) 상의,,,,,,
肩幅,トップス袖あり,4539,マタニティトップス,ベビー・キッズ/マタニティウェア・授乳服・グッズ,,,,어깨너비,상의 소매 있음,4539,마タニ티(임산부) 상의,,,,,,
胸囲,トップス袖あり,4539,マタニティトップス,ベビー・キッズ/マタニティウェア・授乳服・グッズ,,,,가슴둘레,상의 소매 있음,4539,마タニ티(임산부) 상의,,,,,,
袖丈,トップス袖あり,4539,マタニティトップス,ベビー・キッズ/マタニティウェア・授乳服・グッズ,,,,소매길이,상의 소매 있음,4539,마タニ티(임산부) 상의,,,,,,
ウエスト,ボトムスパンツ,4540,マタニティパンツ・スカート,ベビー・キッズ/マタニティウェア・授乳服・グッズ,,,,허리둘레,하의 팬츠,4540,임산부 팬츠·스커트,,,,,,
ヒップ,ボトムスパンツ,4540,マタニティパンツ・スカート,ベビー・キッズ/マタニティウェア・授乳服・グッズ,,,,힙둘레,하의 팬츠,4540,임산부 팬츠·스커트,,,,,,
股上,ボトムスパンツ,4540,マタニティパンツ・スカート,ベビー・キッズ/マタニティウェア・授乳服・グッズ,,,,밑위,하의 팬츠,4540,임산부 팬츠·스커트,,,,,,
股下,ボトムスパンツ,4540,マタニティパンツ・スカート,ベビー・キッズ/マタニティウェア・授乳服・グッズ,,,,인심,하의 팬츠,4540,임산부 팬츠·스커트,,,,,,
もも周り,ボトムスパンツ,4540,マタニティパンツ・スカート,ベビー・キッズ/マタニティウェア・授乳服・グッズ,,,,허벅지 둘레,하의 팬츠,4540,임산부 팬츠·스커트,,,,,,
すそ周り,ボトムスパンツ,4540,マタニティパンツ・スカート,ベビー・キッズ/マタニティウェア・授乳服・グッズ,,,,밑단 둘레,하의 팬츠,4540,임산부 팬츠·스커트,,,,,,
着丈,ワンピース系,4542,マタニティワンピース,ベビー・キッズ/マタニティウェア・授乳服・グッズ,,,,총장,원피스 계열,4542,임산부 원피스,,,,,,
肩幅,ワンピース系,4542,マタニティワンピース,ベビー・キッズ/マタニティウェア・授乳服・グッズ,,,,어깨너비,원피스 계열,4542,임산부 원피스,,,,,,
胸囲,ワンピース系,4542,マタニティワンピース,ベビー・キッズ/マタニティウェア・授乳服・グッズ,,,,가슴둘레,원피스 계열,4542,임산부 원피스,,,,,,
袖丈,ワンピース系,4542,マタニティワンピース,ベビー・キッズ/マタニティウェア・授乳服・グッズ,,,,소매길이,원피스 계열,4542,임산부 원피스,,,,,,
ウエスト,ワンピース系,4542,マタニティワンピース,ベビー・キッズ/マタニティウェア・授乳服・グッズ,,,,허리둘레,원피스 계열,4542,임산부 원피스,,,,,,
ヒップ,ワンピース系,4542,マタニティワンピース,ベビー・キッズ/マタニティウェア・授乳服・グッズ,,,,힙둘레,원피스 계열,4542,임산부 원피스,,,,,,
着丈,トップス袖あり,4543,マタニティコート・アウター,ベビー・キッズ/マタニティウェア・授乳服・グッズ,,,,총장,상의 소매 있음,4543,임산부 코트·아우터,,,,,,
肩幅,トップス袖あり,4543,マタニティコート・アウター,ベビー・キッズ/マタニティウェア・授乳服・グッズ,,,,어깨너비,상의 소매 있음,4543,임산부 코트·아우터,,,,,,
胸囲,トップス袖あり,4543,マタニティコート・アウター,ベビー・キッズ/マタニティウェア・授乳服・グッズ,,,,가슴둘레,상의 소매 있음,4543,임산부 코트·아우터,,,,,,
袖丈,トップス袖あり,4543,マタニティコート・アウター,ベビー・キッズ/マタニティウェア・授乳服・グッズ,,,,소매길이,상의 소매 있음,4543,임산부 코트·아우터,,,,,,
幅,バッグ持ち手なし,4548,子供用リュック・バックパック,ベビー・キッズ/キッズバッグ・財布,,,,가로,가방 손잡이 없음,4548,아동용 백팩·배낭,,,,,,
高さ,バッグ持ち手なし,4548,子供用リュック・バックパック,ベビー・キッズ/キッズバッグ・財布,,,,세로,가방 손잡이 없음,4548,아동용 백팩·배낭,,,,,,
マチ,バッグ持ち手なし,4548,子供用リュック・バックパック,ベビー・キッズ/キッズバッグ・財布,,,,폭(마치),가방 손잡이 없음,4548,아동용 백팩·배낭,,,,,,
幅,バッグ持ち手あり,4549,子供用トート・レッスンバッグ,ベビー・キッズ/キッズバッグ・財布,,,,가로,가방 손잡이 있음,4549,아동용 토트·레슨 백,,,,,,
高さ,バッグ持ち手あり,4549,子供用トート・レッスンバッグ,ベビー・キッズ/キッズバッグ・財布,,,,세로,가방 손잡이 있음,4549,아동용 토트·레슨 백,,,,,,
マチ,バッグ持ち手あり,4549,子供用トート・レッスンバッグ,ベビー・キッズ/キッズバッグ・財布,,,,폭(마치),가방 손잡이 있음,4549,아동용 토트·레슨 백,,,,,,
持ち手,バッグ持ち手あり,4549,子供用トート・レッスンバッグ,ベビー・キッズ/キッズバッグ・財布,,,,손잡이 길이,가방 손잡이 있음,4549,아동용 토트·레슨 백,,,,,,
幅,バッグストラップ,4550,子供用ショルダー・ポシェット・ボディバッグ,ベビー・キッズ/キッズバッグ・財布,,,,가로,가방 스트랩,4550,아동용 숄더·포셰트·보디백,,,,,,
高さ,バッグストラップ,4550,子供用ショルダー・ポシェット・ボディバッグ,ベビー・キッズ/キッズバッグ・財布,,,,세로,가방 스트랩,4550,아동용 숄더·포셰트·보디백,,,,,,
マチ,バッグストラップ,4550,子供用ショルダー・ポシェット・ボディバッグ,ベビー・キッズ/キッズバッグ・財布,,,,폭(마치),가방 스트랩,4550,아동용 숄더·포셰트·보디백,,,,,,
ストラップ,バッグストラップ,4550,子供用ショルダー・ポシェット・ボディバッグ,ベビー・キッズ/キッズバッグ・財布,,,,스트랩 길이,가방 스트랩,4550,아동용 숄더·포셰트·보디백,,,,,,
高さ,フィギュア・人形,4554,ぬいぐるみ・フィギュア・ドールハウス,ベビー・キッズ/おもちゃ・知育玩具,,,,높이,피규어·인형,4554,인형·피규어·돌하우스,,,,,,
着丈,トップス袖あり,4616,レディース・ラッシュガード,スポーツ/サーフィン,,,,총장,상의 소매 있음,4616,여성·래쉬가드,,,,,,
肩幅,トップス袖あり,4616,レディース・ラッシュガード,スポーツ/サーフィン,,,,어깨너비,상의 소매 있음,4616,여성·래쉬가드,,,,,,
胸囲,トップス袖あり,4616,レディース・ラッシュガード,スポーツ/サーフィン,,,,가슴둘레,상의 소매 있음,4616,여성·래쉬가드,,,,,,
袖丈,トップス袖あり,4616,レディース・ラッシュガード,スポーツ/サーフィン,,,,소매길이,상의 소매 있음,4616,여성·래쉬가드,,,,,,
着丈,トップス袖あり,4617,メンズ・ラッシュガード,スポーツ/サーフィン,,,,총장,상의 소매 있음,4617,남성·래쉬가드,,,,,,
肩幅,トップス袖あり,4617,メンズ・ラッシュガード,スポーツ/サーフィン,,,,어깨너비,상의 소매 있음,4617,남성·래쉬가드,,,,,,
胸囲,トップス袖あり,4617,メンズ・ラッシュガード,スポーツ/サーフィン,,,,가슴둘레,상의 소매 있음,4617,남성·래쉬가드,,,,,,
袖丈,トップス袖あり,4617,メンズ・ラッシュガード,スポーツ/サーフィン,,,,소매길이,상의 소매 있음,4617,남성·래쉬가드,,,,,,
着丈,トップス袖あり,4701,トップス,レディースファッション/ゴルフ,,,,총장,상의 소매 있음,4701,상의,,,,,,
肩幅,トップス袖あり,4701,トップス,レディースファッション/ゴルフ,,,,어깨너비,상의 소매 있음,4701,상의,,,,,,
胸囲,トップス袖あり,4701,トップス,レディースファッション/ゴルフ,,,,가슴둘레,상의 소매 있음,4701,상의,,,,,,
袖丈,トップス袖あり,4701,トップス,レディースファッション/ゴルフ,,,,소매길이,상의 소매 있음,4701,상의,,,,,,
ウエスト,ボトムスパンツ,4702,ボトムス,レディースファッション/ゴルフ,,,,허리둘레,하의 팬츠,4702,하의,,,,,,
ヒップ,ボトムスパンツ,4702,ボトムス,レディースファッション/ゴルフ,,,,힙둘레,하의 팬츠,4702,하의,,,,,,
股上,ボトムスパンツ,4702,ボトムス,レディースファッション/ゴルフ,,,,밑위,하의 팬츠,4702,하의,,,,,,
股下,ボトムスパンツ,4702,ボトムス,レディースファッション/ゴルフ,,,,인심,하의 팬츠,4702,하의,,,,,,
もも周り,ボトムスパンツ,4702,ボトムス,レディースファッション/ゴルフ,,,,허벅지 둘레,하의 팬츠,4702,하의,,,,,,
すそ周り,ボトムスパンツ,4702,ボトムス,レディースファッション/ゴルフ,,,,밑단 둘레,하의 팬츠,4702,하의,,,,,,
着丈,ワンピース系,4703,ワンピース,レディースファッション/ゴルフ,,,,총장,원피스 계열,4703,원피스,,,,,,
肩幅,ワンピース系,4703,ワンピース,レディースファッション/ゴルフ,,,,어깨너비,원피스 계열,4703,원피스,,,,,,
胸囲,ワンピース系,4703,ワンピース,レディースファッション/ゴルフ,,,,가슴둘레,원피스 계열,4703,원피스,,,,,,
袖丈,ワンピース系,4703,ワンピース,レディースファッション/ゴルフ,,,,소매길이,원피스 계열,4703,원피스,,,,,,
ウエスト,ワンピース系,4703,ワンピース,レディースファッション/ゴルフ,,,,허리둘레,원피스 계열,4703,원피스,,,,,,
ヒップ,ワンピース系,4703,ワンピース,レディースファッション/ゴルフ,,,,힙둘레,원피스 계열,4703,원피스,,,,,,
着丈,トップス袖あり,4704,アウター,レディースファッション/ゴルフ,,,,총장,상의 소매 있음,4704,아우터,,,,,,
肩幅,トップス袖あり,4704,アウター,レディースファッション/ゴルフ,,,,어깨너비,상의 소매 있음,4704,아우터,,,,,,
胸囲,トップス袖あり,4704,アウター,レディースファッション/ゴルフ,,,,가슴둘레,상의 소매 있음,4704,아우터,,,,,,
袖丈,トップス袖あり,4704,アウター,レディースファッション/ゴルフ,,,,소매길이,상의 소매 있음,4704,아우터,,,,,,
着丈,ワンピース系,4705,セットアップ,レディースファッション/ゴルフ,,,,총장,원피스 계열,4705,셋업,,,,,,
肩幅,ワンピース系,4705,セットアップ,レディースファッション/ゴルフ,,,,어깨너비,원피스 계열,4705,셋업,,,,,,
胸囲,ワンピース系,4705,セットアップ,レディースファッション/ゴルフ,,,,가슴둘레,원피스 계열,4705,셋업,,,,,,
袖丈,ワンピース系,4705,セットアップ,レディースファッション/ゴルフ,,,,소매길이,원피스 계열,4705,셋업,,,,,,
ウエスト,ワンピース系,4705,セットアップ,レディースファッション/ゴルフ,,,,허리둘레,원피스 계열,4705,셋업,,,,,,
ヒップ,ワンピース系,4705,セットアップ,レディースファッション/ゴルフ,,,,힙둘레,원피스 계열,4705,셋업,,,,,,
着丈,トップス袖あり,4801,トップス,メンズファッション/ゴルフ,,,,총장,상의 소매 있음,4801,상의,,,,,,
肩幅,トップス袖あり,4801,トップス,メンズファッション/ゴルフ,,,,어깨너비,상의 소매 있음,4801,상의,,,,,,
胸囲,トップス袖あり,4801,トップス,メンズファッション/ゴルフ,,,,가슴둘레,상의 소매 있음,4801,상의,,,,,,
袖丈,トップス袖あり,4801,トップス,メンズファッション/ゴルフ,,,,소매길이,상의 소매 있음,4801,상의,,,,,,
ウエスト,ボトムスパンツ,4802,ボトムス,メンズファッション/ゴルフ,,,,허리둘레,하의 팬츠,4802,하의,,,,,,
ヒップ,ボトムスパンツ,4802,ボトムス,メンズファッション/ゴルフ,,,,힙둘레,하의 팬츠,4802,하의,,,,,,
股上,ボトムスパンツ,4802,ボトムス,メンズファッション/ゴルフ,,,,밑위,하의 팬츠,4802,하의,,,,,,
股下,ボトムスパンツ,4802,ボトムス,メンズファッション/ゴルフ,,,,인심,하의 팬츠,4802,하의,,,,,,
もも周り,ボトムスパンツ,4802,ボトムス,メンズファッション/ゴルフ,,,,허벅지 둘레,하의 팬츠,4802,하의,,,,,,
すそ周り,ボトムスパンツ,4802,ボトムス,メンズファッション/ゴルフ,,,,밑단 둘레,하의 팬츠,4802,하의,,,,,,
着丈,トップス袖あり,4803,アウター,メンズファッション/ゴルフ,,,,총장,상의 소매 있음,4803,아우터,,,,,,
肩幅,トップス袖あり,4803,アウター,メンズファッション/ゴルフ,,,,어깨너비,상의 소매 있음,4803,아우터,,,,,,
胸囲,トップス袖あり,4803,アウター,メンズファッション/ゴルフ,,,,가슴둘레,상의 소매 있음,4803,아우터,,,,,,
袖丈,トップス袖あり,4803,アウター,メンズファッション/ゴルフ,,,,소매길이,상의 소매 있음,4803,아우터,,,,,,
着丈,ワンピース系,4804,セットアップ,メンズファッション/ゴルフ,,,,총장,원피스 계열,4804,셋업,,,,,,
肩幅,ワンピース系,4804,セットアップ,メンズファッション/ゴルフ,,,,어깨너비,원피스 계열,4804,셋업,,,,,,
胸囲,ワンピース系,4804,セットアップ,メンズファッション/ゴルフ,,,,가슴둘레,원피스 계열,4804,셋업,,,,,,
袖丈,ワンピース系,4804,セットアップ,メンズファッション/ゴルフ,,,,소매길이,원피스 계열,4804,셋업,,,,,,
ウエスト,ワンピース系,4804,セットアップ,メンズファッション/ゴルフ,,,,허리둘레,원피스 계열,4804,셋업,,,,,,
ヒップ,ワンピース系,4804,セットアップ,メンズファッション/ゴルフ,,,,힙둘레,원피스 계열,4804,셋업,,,,,,
着丈,トップス袖あり,6041,レディース・トップス,スポーツ/ランニング,,,,총장,상의 소매 있음,6041,여성·상의,,,,,,
肩幅,トップス袖あり,6041,レディース・トップス,スポーツ/ランニング,,,,어깨너비,상의 소매 있음,6041,여성·상의,,,,,,
胸囲,トップス袖あり,6041,レディース・トップス,スポーツ/ランニング,,,,가슴둘레,상의 소매 있음,6041,여성·상의,,,,,,
袖丈,トップス袖あり,6041,レディース・トップス,スポーツ/ランニング,,,,소매길이,상의 소매 있음,6041,여성·상의,,,,,,
ウエスト,ボトムスパンツ,6042,レディース・ボトムス,スポーツ/ランニング,,,,허리둘레,하의 팬츠,6042,여성·하의,,,,,,
ヒップ,ボトムスパンツ,6042,レディース・ボトムス,スポーツ/ランニング,,,,힙둘레,하의 팬츠,6042,여성·하의,,,,,,
股上,ボトムスパンツ,6042,レディース・ボトムス,スポーツ/ランニング,,,,밑위,하의 팬츠,6042,여성·하의,,,,,,
股下,ボトムスパンツ,6042,レディース・ボトムス,スポーツ/ランニング,,,,인심,하의 팬츠,6042,여성·하의,,,,,,
もも周り,ボトムスパンツ,6042,レディース・ボトムス,スポーツ/ランニング,,,,허벅지 둘레,하의 팬츠,6042,여성·하의,,,,,,
すそ周り,ボトムスパンツ,6042,レディース・ボトムス,スポーツ/ランニング,,,,밑단 둘레,하의 팬츠,6042,여성·하의,,,,,,
着丈,トップス袖あり,6044,レディース・アウター,スポーツ/ランニング,,,,총장,상의 소매 있음,6044,여성·아우터,,,,,,
肩幅,トップス袖あり,6044,レディース・アウター,スポーツ/ランニング,,,,어깨너비,상의 소매 있음,6044,여성·아우터,,,,,,
胸囲,トップス袖あり,6044,レディース・アウター,スポーツ/ランニング,,,,가슴둘레,상의 소매 있음,6044,여성·아우터,,,,,,
袖丈,トップス袖あり,6044,レディース・アウター,スポーツ/ランニング,,,,소매길이,상의 소매 있음,6044,여성·아우터,,,,,,
ヒール高,シューズ,6046,レディース・シューズ,スポーツ/ランニング,,,,굽 높이,슈즈,6046,여성·슈즈,,,,,,
着丈,トップス袖あり,6048,メンズ・トップス,スポーツ/ランニング,,,,총장,상의 소매 있음,6048,남성·상의,,,,,,
肩幅,トップス袖あり,6048,メンズ・トップス,スポーツ/ランニング,,,,어깨너비,상의 소매 있음,6048,남성·상의,,,,,,
胸囲,トップス袖あり,6048,メンズ・トップス,スポーツ/ランニング,,,,가슴둘레,상의 소매 있음,6048,남성·상의,,,,,,
袖丈,トップス袖あり,6048,メンズ・トップス,スポーツ/ランニング,,,,소매길이,상의 소매 있음,6048,남성·상의,,,,,,
ウエスト,ボトムスパンツ,6049,メンズ・ボトムス,スポーツ/ランニング,,,,허리둘레,하의 팬츠,6049,남성·하의,,,,,,
ヒップ,ボトムスパンツ,6049,メンズ・ボトムス,スポーツ/ランニング,,,,힙둘레,하의 팬츠,6049,남성·하의,,,,,,
股上,ボトムスパンツ,6049,メンズ・ボトムス,スポーツ/ランニング,,,,밑위,하의 팬츠,6049,남성·하의,,,,,,
股下,ボトムスパンツ,6049,メンズ・ボトムス,スポーツ/ランニング,,,,인심,하의 팬츠,6049,남성·하의,,,,,,
もも周り,ボトムスパンツ,6049,メンズ・ボトムス,スポーツ/ランニング,,,,허벅지 둘레,하의 팬츠,6049,남성·하의,,,,,,
すそ周り,ボトムスパンツ,6049,メンズ・ボトムス,スポーツ/ランニング,,,,밑단 둘레,하의 팬츠,6049,남성·하의,,,,,,
着丈,トップス袖あり,6050,メンズ・アウター,スポーツ/ランニング,,,,총장,상의 소매 있음,6050,남성·아우터,,,,,,
肩幅,トップス袖あり,6050,メンズ・アウター,スポーツ/ランニング,,,,어깨너비,상의 소매 있음,6050,남성·아우터,,,,,,
胸囲,トップス袖あり,6050,メンズ・アウター,スポーツ/ランニング,,,,가슴둘레,상의 소매 있음,6050,남성·아우터,,,,,,
袖丈,トップス袖あり,6050,メンズ・アウター,スポーツ/ランニング,,,,소매길이,상의 소매 있음,6050,남성·아우터,,,,,,
幅,家具・インテリア,9800,マットレス,ライフスタイル/家具・日用品,,,,너비,가구·인테리어,9800,매트리스,,,,,,
高さ,家具・インテリア,9800,マットレス,ライフスタイル/家具・日用品,,,,높이,가구·인테리어,9800,매트리스,,,,,,
奥行,家具・インテリア,9800,マットレス,ライフスタイル/家具・日用品,,,,깊이,가구·인테리어,9800,매트리스,,,,,,
幅,家具・インテリア,9801,フォトフレーム・写真立て,ライフスタイル/インテリア雑貨,,,,너비,가구·인테리어,9801,포토 프레임·액자,,,,,,
高さ,家具・インテリア,9801,フォトフレーム・写真立て,ライフスタイル/インテリア雑貨,,,,높이,가구·인테리어,9801,포토 프레임·액자,,,,,,
奥行,家具・インテリア,9801,フォトフレーム・写真立て,ライフスタイル/インテリア雑貨,,,,깊이,가구·인테리어,9801,포토 프레임·액자,,,,,,
幅,家具・インテリア,9803,ランタン,ライフスタイル/レジャー・アウトドア・キャンプ,,,,너비,가구·인테리어,9803,랜턴,,,,,,
高さ,家具・インテリア,9803,ランタン,ライフスタイル/レジャー・アウトドア・キャンプ,,,,높이,가구·인테리어,9803,랜턴,,,,,,
奥行,家具・インテリア,9803,ランタン,ライフスタイル/レジャー・アウトドア・キャンプ,,,,깊이,가구·인테리어,9803,랜턴,,,,,,
幅,家具・インテリア,9804,焚き火台,ライフスタイル/レジャー・アウトドア・キャンプ,,,,너비,가구·인테리어,9804,화로대,,,,,,
高さ,家具・インテリア,9804,焚き火台,ライフスタイル/レジャー・アウトドア・キャンプ,,,,높이,가구·인테리어,9804,화로대,,,,,,
奥行,家具・インテリア,9804,焚き火台,ライフスタイル/レジャー・アウトドア・キャンプ,,,,깊이,가구·인테리어,9804,화로대,,,,,,
幅,家具・インテリア,9805,アウトドア(キャンプ)テーブル,ライフスタイル/レジャー・アウトドア・キャンプ,,,,너비,가구·인테리어,9805,아웃도어(캠핑) 테이블,,,,,,
高さ,家具・インテリア,9805,アウトドア(キャンプ)テーブル,ライフスタイル/レジャー・アウトドア・キャンプ,,,,높이,가구·인테리어,9805,아웃도어(캠핑) 테이블,,,,,,
奥行,家具・インテリア,9805,アウトドア(キャンプ)テーブル,ライフスタイル/レジャー・アウトドア・キャンプ,,,,깊이,가구·인테리어,9805,아웃도어(캠핑) 테이블,,,,,,
幅,家具・インテリア,9806,ペットハウス・ケージ,ライフスタイル/ペット用品,,,,너비,가구·인테리어,9806,펫 하우스·케이지,,,,,,
高さ,家具・インテリア,9806,ペットハウス・ケージ,ライフスタイル/ペット用品,,,,높이,가구·인테리어,9806,펫 하우스·케이지,,,,,,
奥行,家具・インテリア,9806,ペットハウス・ケージ,ライフスタイル/ペット用品,,,,깊이,가구·인테리어,9806,펫 하우스·케이지,,,,,,
ウエスト,ボトムスパンツ,9807,カーゴパンツ,メンズファッション/パンツ・ボトムス,,,,허리둘레,하의 팬츠,9807,카고 팬츠,,,,,,
ヒップ,ボトムスパンツ,9807,カーゴパンツ,メンズファッション/パンツ・ボトムス,,,,힙둘레,하의 팬츠,9807,카고 팬츠,,,,,,
股上,ボトムスパンツ,9807,カーゴパンツ,メンズファッション/パンツ・ボトムス,,,,밑위,하의 팬츠,9807,카고 팬츠,,,,,,
股下,ボトムスパンツ,9807,カーゴパンツ,メンズファッション/パンツ・ボトムス,,,,인심,하의 팬츠,9807,카고 팬츠,,,,,,
もも周り,ボトムスパンツ,9807,カーゴパンツ,メンズファッション/パンツ・ボトムス,,,,허벅지 둘레,하의 팬츠,9807,카고 팬츠,,,,,,
すそ周り,ボトムスパンツ,9807,カーゴパンツ,メンズファッション/パンツ・ボトムス,,,,밑단 둘레,하의 팬츠,9807,카고 팬츠,,,,,,
ウエスト,ボトムスパンツ,9808,スウェットパンツ,メンズファッション/パンツ・ボトムス,,,,허리둘레,하의 팬츠,9808,스웨트 팬츠,,,,,,
ヒップ,ボトムスパンツ,9808,スウェットパンツ,メンズファッション/パンツ・ボトムス,,,,힙둘레,하의 팬츠,9808,스웨트 팬츠,,,,,,
股上,ボトムスパンツ,9808,スウェットパンツ,メンズファッション/パンツ・ボトムス,,,,밑위,하의 팬츠,9808,스웨트 팬츠,,,,,,
股下,ボトムスパンツ,9808,スウェットパンツ,メンズファッション/パンツ・ボトムス,,,,인심,하의 팬츠,9808,스웨트 팬츠,,,,,,
もも周り,ボトムスパンツ,9808,スウェットパンツ,メンズファッション/パンツ・ボトムス,,,,허벅지 둘레,하의 팬츠,9808,스웨트 팬츠,,,,,,
すそ周り,ボトムスパンツ,9808,スウェットパンツ,メンズファッション/パンツ・ボトムス,,,,밑단 둘레,하의 팬츠,9808,스웨트 팬츠,,,,,,
ウエスト,ボトムスパンツ,9809,スラックス,メンズファッション/パンツ・ボトムス,,,,허리둘레,하의 팬츠,9809,슬랙스,,,,,,
ヒップ,ボトムスパンツ,9809,スラックス,メンズファッション/パンツ・ボトムス,,,,힙둘레,하의 팬츠,9809,슬랙스,,,,,,
股上,ボトムスパンツ,9809,スラックス,メンズファッション/パンツ・ボトムス,,,,밑위,하의 팬츠,9809,슬랙스,,,,,,
股下,ボトムスパンツ,9809,スラックス,メンズファッション/パンツ・ボトムス,,,,인심,하의 팬츠,9809,슬랙스,,,,,,
もも周り,ボトムスパンツ,9809,スラックス,メンズファッション/パンツ・ボトムス,,,,허벅지 둘레,하의 팬츠,9809,슬랙스,,,,,,
すそ周り,ボトムスパンツ,9809,スラックス,メンズファッション/パンツ・ボトムス,,,,밑단 둘레,하의 팬츠,9809,슬랙스,,,,,,
ウエスト,ボトムスパンツ,9810,オーバーオール,メンズファッション/パンツ・ボトムス,,,,허리둘레,하의 팬츠,9810,오버롤(멜빵바지),,,,,,
ヒップ,ボトムスパンツ,9810,オーバーオール,メンズファッション/パンツ・ボトムス,,,,힙둘레,하의 팬츠,9810,오버롤(멜빵바지),,,,,,
股上,ボトムスパンツ,9810,オーバーオール,メンズファッション/パンツ・ボトムス,,,,밑위,하의 팬츠,9810,오버롤(멜빵바지),,,,,,
股下,ボトムスパンツ,9810,オーバーオール,メンズファッション/パンツ・ボトムス,,,,인심,하의 팬츠,9810,오버롤(멜빵바지),,,,,,
もも周り,ボトムスパンツ,9810,オーバーオール,メンズファッション/パンツ・ボトムス,,,,허벅지 둘레,하의 팬츠,9810,오버롤(멜빵바지),,,,,,
すそ周り,ボトムスパンツ,9810,オーバーオール,メンズファッション/パンツ・ボトムス,,,,밑단 둘레,하의 팬츠,9810,오버롤(멜빵바지),,,,,,
ウエスト,ボトムスパンツ,9811,チノパンツ,メンズファッション/パンツ・ボトムス,,,,허리둘레,하의 팬츠,9811,치노 팬츠,,,,,,
ヒップ,ボトムスパンツ,9811,チノパンツ,メンズファッション/パンツ・ボトムス,,,,힙둘레,하의 팬츠,9811,치노 팬츠,,,,,,
股上,ボトムスパンツ,9811,チノパンツ,メンズファッション/パンツ・ボトムス,,,,밑위,하의 팬츠,9811,치노 팬츠,,,,,,
股下,ボトムスパンツ,9811,チノパンツ,メンズファッション/パンツ・ボトムス,,,,인심,하의 팬츠,9811,치노 팬츠,,,,,,
もも周り,ボトムスパンツ,9811,チノパンツ,メンズファッション/パンツ・ボトムス,,,,허벅지 둘레,하의 팬츠,9811,치노 팬츠,,,,,,
すそ周り,ボトムスパンツ,9811,チノパンツ,メンズファッション/パンツ・ボトムス,,,,밑단 둘레,하의 팬츠,9811,치노 팬츠,,,,,,
ウエスト,ボトムスパンツ,9812,トラックパンツ・ジャージ,メンズファッション/パンツ・ボトムス,,,,허리둘레,하의 팬츠,9812,트랙 팬츠·저지 하의,,,,,,
ヒップ,ボトムスパンツ,9812,トラックパンツ・ジャージ,メンズファッション/パンツ・ボトムス,,,,힙둘레,하의 팬츠,9812,트랙 팬츠·저지 하의,,,,,,
股上,ボトムスパンツ,9812,トラックパンツ・ジャージ,メンズファッション/パンツ・ボトムス,,,,밑위,하의 팬츠,9812,트랙 팬츠·저지 하의,,,,,,
股下,ボトムスパンツ,9812,トラックパンツ・ジャージ,メンズファッション/パンツ・ボトムス,,,,인심,하의 팬츠,9812,트랙 팬츠·저지 하의,,,,,,
もも周り,ボトムスパンツ,9812,トラックパンツ・ジャージ,メンズファッション/パンツ・ボトムス,,,,허벅지 둘레,하의 팬츠,9812,트랙 팬츠·저지 하의,,,,,,
すそ周り,ボトムスパンツ,9812,トラックパンツ・ジャージ,メンズファッション/パンツ・ボトムス,,,,밑단 둘레,하의 팬츠,9812,트랙 팬츠·저지 하의,,,,,,
幅,ブレスレット,9813,バングル,メンズファッション/アクセサリー,,,,너비,팔찌,9813,뱅글,,,,,,
長さ,ブレスレット,9813,バングル,メンズファッション/アクセサリー,,,,길이,팔찌,9813,뱅글,,,,,,
縦,イヤリング,9814,イヤーカフ,メンズファッション/アクセサリー,,,,세로,귀걸이,9814,이어커프,,,,,,
横,イヤリング,9814,イヤーカフ,メンズファッション/アクセサリー,,,,가로,귀걸이,9814,이어커프,,,,,,
着丈,トップス袖あり,9815,MA-1,メンズファッション/アウター・ジャケット,,,,총장,상의 소매 있음,9815,MA-1(항공점퍼),,,,,,
肩幅,トップス袖あり,9815,MA-1,メンズファッション/アウター・ジャケット,,,,어깨너비,상의 소매 있음,9815,MA-1(항공점퍼),,,,,,
胸囲,トップス袖あり,9815,MA-1,メンズファッション/アウター・ジャケット,,,,가슴둘레,상의 소매 있음,9815,MA-1(항공점퍼),,,,,,
袖丈,トップス袖あり,9815,MA-1,メンズファッション/アウター・ジャケット,,,,소매길이,상의 소매 있음,9815,MA-1(항공점퍼),,,,,,
着丈,トップス袖あり,9816,マウンテンパーカー,メンズファッション/アウター・ジャケット,,,,총장,상의 소매 있음,9816,마운틴 파카,,,,,,
肩幅,トップス袖あり,9816,マウンテンパーカー,メンズファッション/アウター・ジャケット,,,,어깨너비,상의 소매 있음,9816,마운틴 파카,,,,,,
胸囲,トップス袖あり,9816,マウンテンパーカー,メンズファッション/アウター・ジャケット,,,,가슴둘레,상의 소매 있음,9816,마운틴 파카,,,,,,
袖丈,トップス袖あり,9816,マウンテンパーカー,メンズファッション/アウター・ジャケット,,,,소매길이,상의 소매 있음,9816,마운틴 파카,,,,,,
着丈,トップス袖あり,9817,スタジャン,メンズファッション/アウター・ジャケット,,,,총장,상의 소매 있음,9817,스타디움 점퍼(과잠),,,,,,
肩幅,トップス袖あり,9817,スタジャン,メンズファッション/アウター・ジャケット,,,,어깨너비,상의 소매 있음,9817,스타디움 점퍼(과잠),,,,,,
胸囲,トップス袖あり,9817,スタジャン,メンズファッション/アウター・ジャケット,,,,가슴둘레,상의 소매 있음,9817,스타디움 점퍼(과잠),,,,,,
袖丈,トップス袖あり,9817,スタジャン,メンズファッション/アウター・ジャケット,,,,소매길이,상의 소매 있음,9817,스타디움 점퍼(과잠),,,,,,
着丈,トップス袖あり,9818,スカジャン,メンズファッション/アウター・ジャケット,,,,총장,상의 소매 있음,9818,스카잔,,,,,,
肩幅,トップス袖あり,9818,スカジャン,メンズファッション/アウター・ジャケット,,,,어깨너비,상의 소매 있음,9818,스카잔,,,,,,
胸囲,トップス袖あり,9818,スカジャン,メンズファッション/アウター・ジャケット,,,,가슴둘레,상의 소매 있음,9818,스카잔,,,,,,
袖丈,トップス袖あり,9818,スカジャン,メンズファッション/アウター・ジャケット,,,,소매길이,상의 소매 있음,9818,스카잔,,,,,,
着丈,トップス袖あり,9819,モッズコート,メンズファッション/アウター・ジャケット,,,,총장,상의 소매 있음,9819,모즈 코트(개파카),,,,,,
肩幅,トップス袖あり,9819,モッズコート,メンズファッション/アウター・ジャケット,,,,어깨너비,상의 소매 있음,9819,모즈 코트(개파카),,,,,,
胸囲,トップス袖あり,9819,モッズコート,メンズファッション/アウター・ジャケット,,,,가슴둘레,상의 소매 있음,9819,모즈 코트(개파카),,,,,,
袖丈,トップス袖あり,9819,モッズコート,メンズファッション/アウター・ジャケット,,,,소매길이,상의 소매 있음,9819,모즈 코트(개파카),,,,,,
着丈,トップス袖あり,9820,チェスターコート,メンズファッション/アウター・ジャケット,,,,총장,상의 소매 있음,9820,체스터 코트,,,,,,
肩幅,トップス袖あり,9820,チェスターコート,メンズファッション/アウター・ジャケット,,,,어깨너비,상의 소매 있음,9820,체스터 코트,,,,,,
胸囲,トップス袖あり,9820,チェスターコート,メンズファッション/アウター・ジャケット,,,,가슴둘레,상의 소매 있음,9820,체스터 코트,,,,,,
袖丈,トップス袖あり,9820,チェスターコート,メンズファッション/アウター・ジャケット,,,,소매길이,상의 소매 있음,9820,체스터 코트,,,,,,
着丈,トップス袖あり,9821,デニムジャケット,メンズファッション/アウター・ジャケット,,,,총장,상의 소매 있음,9821,데님 재킷(청자켓),,,,,,
肩幅,トップス袖あり,9821,デニムジャケット,メンズファッション/アウター・ジャケット,,,,어깨너비,상의 소매 있음,9821,데님 재킷(청자켓),,,,,,
胸囲,トップス袖あり,9821,デニムジャケット,メンズファッション/アウター・ジャケット,,,,가슴둘레,상의 소매 있음,9821,데님 재킷(청자켓),,,,,,
袖丈,トップス袖あり,9821,デニムジャケット,メンズファッション/アウター・ジャケット,,,,소매길이,상의 소매 있음,9821,데님 재킷(청자켓),,,,,,
着丈,トップス袖あり,9822,コーチジャケット,メンズファッション/アウター・ジャケット,,,,총장,상의 소매 있음,9822,코치 재킷,,,,,,
肩幅,トップス袖あり,9822,コーチジャケット,メンズファッション/アウター・ジャケット,,,,어깨너비,상의 소매 있음,9822,코치 재킷,,,,,,
胸囲,トップス袖あり,9822,コーチジャケット,メンズファッション/アウター・ジャケット,,,,가슴둘레,상의 소매 있음,9822,코치 재킷,,,,,,
袖丈,トップス袖あり,9822,コーチジャケット,メンズファッション/アウター・ジャケット,,,,소매길이,상의 소매 있음,9822,코치 재킷,,,,,,
幅,バッグ持ち手あり,9823,エコバッグ,メンズファッション/バッグ・カバン,,,,가로,가방 손잡이 있음,9823,에코백,,,,,,
高さ,バッグ持ち手あり,9823,エコバッグ,メンズファッション/バッグ・カバン,,,,세로,가방 손잡이 있음,9823,에코백,,,,,,
マチ,バッグ持ち手あり,9823,エコバッグ,メンズファッション/バッグ・カバン,,,,폭(마치),가방 손잡이 있음,9823,에코백,,,,,,
持ち手,バッグ持ち手あり,9823,エコバッグ,メンズファッション/バッグ・カバン,,,,손잡이 길이,가방 손잡이 있음,9823,에코백,,,,,,
縦,財布系,9824,マネークリップ,メンズファッション/財布・雑貨,,,,세로,지갑 계열,9824,머니클립,,,,,,
横,財布系,9824,マネークリップ,メンズファッション/財布・雑貨,,,,가로,지갑 계열,9824,머니클립,,,,,,
厚み,財布系,9824,マネークリップ,メンズファッション/財布・雑貨,,,,두께,지갑 계열,9824,머니클립,,,,,,
幅,家具・インテリア,9825,タープ,ライフスタイル/レジャー・アウトドア・キャンプ,,,,너비,가구·인테리어,9825,타프,,,,,,
高さ,家具・インテリア,9825,タープ,ライフスタイル/レジャー・アウトドア・キャンプ,,,,높이,가구·인테리어,9825,타프,,,,,,
奥行,家具・インテリア,9825,タープ,ライフスタイル/レジャー・アウトドア・キャンプ,,,,깊이,가구·인테리어,9825,타프,,,,,,
