mall_name	mall_brand_name_ko	mall_brand_name_en	buyma_brand_id	buyma_brand_name	mapping_level	is_mapped	mall_brand_url	is_active	mall_brand_no	created_at
luxlimit	셀프포트레이트	SELF PORTRAIT	6409	SELF PORTRAIT(セルフ・ポートレイト)	0	0	\N	1	\N	2026-04-22 14:43:19
luxlimit	에센셜	FEAR OF GOD	4749	FEAR OF GOD(フィアオブゴッド)	0	0	\N	1	\N	2026-04-22 14:39:38
luxlimit	할리데이비슨	Harley Davidson	3553	Harley Davidson(ハーレーダビッドソン)	0	0	\N	1	\N	2026-04-22 14:38:53
luxlimit	요넥스	YONEX	4033	YONEX(ヨネックス)	0	0	\N	1	\N	2026-04-22 14:37:10
luxlimit	고야드	Goyard	202	GOYARD(ゴヤール)	0	0	\N	1	\N	2026-04-22 14:36:02
luxlimit	마샬	마샬	\N	\N	0	0	\N	0	\N	2026-04-22 14:29:41
luxlimit	루이비통	Louis Vuitton	246	Louis Vuitton(ルイヴィトン)	0	0	\N	1	\N	2026-04-22 13:52:48
luxlimit	까르띠에	Cartier	153	Cartier(カルティエ)	0	0	\N	1	\N	2026-04-22 13:32:40
luxlimit	슈프림	슈프림	\N	\N	0	0	\N	0	\N	2026-04-22 13:24:42
luxlimit	반클리프앤아펠	Van Cleef & Arpels	1886	Van Cleef & Arpels(ヴァン クリーフアンドアーペル)	0	0	\N	1	\N	2026-04-22 13:17:38
luxlimit	부쉐론	부쉐론	1888	BOUCHERON(ブシュロン)	0	0	\N	1	\N	2026-04-22 13:14:39
luxlimit	불가리	Bvlgari	465	Bvlgari(ブルガリ)	0	0	\N	1	\N	2026-04-22 13:01:17
luxlimit	산타마리아노벨라	Santa Maria Novella	42	Santa Maria Novella(サンタマリアノヴェッラ)	0	0	\N	1	\N	2026-04-22 12:49:47
luxlimit	불리	불리	\N	\N	0	0	\N	0	\N	2026-04-22 12:48:20
luxlimit	르라보	LELABO	1684	LELABO(ルラボ)	0	0	\N	1	\N	2026-04-22 12:46:07
luxlimit	조 말론 런던	Jo Malone	32	Jo Malone(ジョーマローン)	0	0	\N	1	\N	2026-04-22 12:43:56
luxlimit	바이레도	BYREDO	3831	BYREDO(バイレード)	0	0	\N	1	\N	2026-04-22 12:40:46
luxlimit	휠라	FILA	648	FILA(フィラ)	0	0	\N	1	\N	2026-04-22 12:31:45
luxlimit	아쿠아디파르마	ACQUA DI PARMA	11279	ACQUA DI PARMA(アクアディパルマ)	0	0	\N	1	\N	2026-04-22 12:25:27
luxlimit	오니츠카타이거	onitsuka tiger	8204	onitsuka tiger(オニツカタイガー)	0	0	\N	1	\N	2026-04-22 12:21:21
luxlimit	아이더	EiDER	10254	EiDER(アイダー)	0	0	\N	1	\N	2026-04-22 12:20:17
upset	클라시코	CLASSICO	17834	CLASSICO(クラシコ)	0	0	\N	1	\N	2026-04-22 12:15:48
upset	포토막	potomac	0	potomac	0	0	\N	1	\N	2026-04-22 12:12:49
upset	테바	Teva	5289	Teva(テバ)	0	0	\N	1	\N	2026-04-22 12:10:57
upset	메피스토	MEPHISTO	3637	MEPHISTO (メフィスト )	0	0	\N	1	\N	2026-04-22 12:09:19
upset	쿠거	COUGAR	0	COUGAR	0	0	\N	1	\N	2026-04-22 12:08:21
upset	이지스피릿	이지스피릿	\N	\N	0	0	\N	0	\N	2026-04-22 12:07:26
upset	비지스	비지스	\N	\N	0	0	\N	0	\N	2026-04-22 12:06:58
upset	배어트랩스	배어트랩스	\N	\N	0	0	\N	0	\N	2026-04-22 12:06:27
upset	퓨마	PUMA	295	PUMA(プーマ)	0	0	\N	1	\N	2026-04-22 12:05:21
upset	지에이치 바스	GH Bass&Co	5646	GH Bass&Co(ジー・エイチ・バス)	0	0	\N	1	\N	2026-04-22 12:02:04
upset	하리보	haribo	0	haribo	0	0	\N	1	\N	2026-04-22 11:59:52
upset	제옥스	제옥스	\N	\N	0	0	\N	0	\N	2026-04-22 11:54:30
upset	톰맥캔	thom mcan	0	thom mcan	0	0	\N	1	\N	2026-04-22 11:54:20
upset	내추럴라이저	내추럴라이저	\N	\N	0	0	\N	0	\N	2026-04-22 11:54:13
upset	옥스포드	옥스포드	\N	\N	0	0	\N	0	\N	2026-04-22 11:44:06
upset	에콰	equa	14432	equa(エクア)	0	0	\N	1	\N	2026-04-22 11:43:16
upset	아식스 타이거	asics	127	asics(アシックス)	0	0	\N	1	\N	2026-04-22 11:43:06
upset	플렉사	플렉사	\N	\N	0	0	\N	0	\N	2026-04-22 11:41:57
upset	말리부	MALIBU SANDALS	14575	MALIBU SANDALS(マリブサンダルズ)	0	0	\N	1	\N	2026-04-22 11:41:29
upset	켈티	KELTY	3236	KELTY(ケルティー )	0	0	\N	1	\N	2026-04-22 11:38:17
upset	컨버스	컨버스	\N	\N	0	0	\N	0	\N	2026-04-22 11:37:28
upset	더블케이	더블케이	\N	\N	0	0	\N	0	\N	2026-04-22 11:36:18
upset	캘빈클라인 언더웨어	Calvin Klein	152	Calvin Klein(カルバンクライン)	0	0	\N	1	\N	2026-04-22 11:35:44
upset	숄	Scholl	18926	Scholl(ショール)	0	0	\N	1	\N	2026-04-22 11:33:05
upset	챕터엑스	챕터엑스	\N	\N	0	0	\N	0	\N	2026-04-22 11:27:22
upset	어썸스타	어썸스타	\N	\N	0	0	\N	0	\N	2026-04-22 11:23:45
upset	휠라	FILA	648	FILA(フィラ)	0	0	\N	1	\N	2026-04-22 11:16:11
upset	47브랜드	47BRAND	7716	47 Brand(フォーティーセブン ブランド)	3	1	\N	1	\N	2026-04-22 11:14:07
upset	헤비아이	헤비아이	\N	\N	0	0	\N	0	\N	2026-04-22 11:11:51
upset	리복	Reebok	652	Reebok(リーボック)	0	0	\N	1	\N	2026-04-22 10:59:56
upset	네파	NEPA	3526	NEPA(ネパ)	0	0	\N	1	\N	2026-04-22 10:58:18
thegrande	알릭스	ALYX	8506	ALYX(アリクス)	0	0	\N	1	\N	2026-04-22 10:54:12
thegrande	마크앤로나	MARK&LONA	1618	MARK&LONA(マークアンドロナ)	3	1	\N	1	\N	2026-04-22 10:53:22
thegrande	이놈어닛	IH NOM UH NIT	9765	IH NOM UH NIT(インノミネイト)	0	0	\N	1	\N	2026-04-22 10:45:25
thegrande	헤론프레스톤	Heron Preston	9311	Heron Preston(ヘロンプレストン)	0	0	\N	1	\N	2026-04-22 10:44:48
thegrande	델타	델타	\N	\N	0	0	\N	0	\N	2026-04-22 10:22:31
thegrande	베어브릭	BEARBRICK	16685	BEARBRICK(ベアブリック)	0	0	\N	1	\N	2026-04-22 10:12:32
thegrande	휴먼멘이드	HUMAN MADE	14004	HUMAN MADE(ヒューマンメイド)	0	0	\N	1	\N	2026-04-22 10:03:59
dmont	폴로랄프로렌	ralphlauren	84	Ralph Lauren(ラルフローレン)	0	0	\N	1	\N	2026-04-22 10:02:25
dmont	롱샴	LONGCHAMP	245	Longchamp(ロンシャン)	0	0	\N	1	\N	2026-04-22 10:01:58
dmont	셀린느	CELINE	466	CELINE(セリーヌ)	0	0	\N	1	\N	2026-04-22 10:01:38
dmont	막스마라	MAX MARA	258	Max Mara(マックスマーラ)	0	0	\N	1	\N	2026-04-22 10:01:05
dmont	CP컴퍼니	C.P. Company	3819	C.P. Company(シーピーカンパニー)	3	1	\N	1	\N	2026-04-22 10:01:03
dmont	토즈	TODS	320	TOD'S(トッズ)	0	0	\N	1	\N	2026-04-22 10:00:54
dmont	가니	GANNI	4351	Ganni(ガニー)	0	0	\N	1	\N	2026-04-22 10:00:51
thegrande	톰브라	thombrowne	2997	THOM BROWNE(トムブラウン)	0	0	\N	1	\N	2026-04-22 9:55:37
thegrande	더그란데	더그란데	\N	\N	0	0	\N	0	\N	2026-04-22 9:54:53
thegrande	아미가	AMI PARIS	4789	AMI PARIS(アミ パリス)	0	0	\N	1	\N	2026-04-22 9:53:31
thegrande	아미	AMI PARIS	4789	AMI PARIS(アミ パリス)	3	1	\N	1	\N	2026-04-22 9:50:17
thegrande	세티스파이	SATISFY	12977	SATISFY(サティスファイ)	0	0	\N	1	\N	2026-04-22 9:45:02
thegrande	penco	penco	11806	CO(コー)	3	1	\N	0	\N	2026-04-22 9:44:09
thegrande	펜코	펜코	\N	\N	0	0	\N	0	\N	2026-04-22 9:43:52
thegrande	머천트앤밀스	머천트앤밀스	\N	\N	0	0	\N	0	\N	2026-04-22 9:43:26
thegrande	도나윌슨	Donna Wilson	6243	Donna Wilson(ドナウィルソン)	0	0	\N	1	\N	2026-04-22 9:41:36
thegrande	에어리어웨어	AREAWARE	10090	AREAWARE(エリアウェア)	0	0	\N	1	\N	2026-04-22 9:41:31
thegrande	GLADEE	GLADEE	0	GLADEE	3	1	\N	1	\N	2026-04-22 9:16:24
thegrande	네이버후드x세인트미카엘	네이버후드x세인트미카엘	8562	XO(エックスオー)	3	1	\N	0	\N	2026-04-22 9:08:10
thegrande	빈티지비버스	빈티지비버스	\N	\N	0	0	\N	0	\N	2026-04-22 9:08:03
thegrande	슈프림	슈프림	\N	\N	0	0	\N	0	\N	2026-04-22 9:05:48
thegrande	갤러리디파트먼트	GALLERY DEPT.	15289	GALLERY DEPT.(ギャラリーデプト)	0	0	\N	1	\N	2026-04-22 9:03:18
thegrande	시피컴퍼니	C.P. Company	3819	C.P. Company(シーピーカンパニー)	0	0	\N	1	\N	2026-04-22 9:02:32
thegrande	마린세르	MARINE SERRE	12482	MARINE SERRE(マリーンセル)	3	1	\N	1	\N	2026-04-22 8:56:44
thegrande	아프레쎄	A.PRESSE	20940	A.PRESSE(アプレッセ)	0	0	\N	1	\N	2026-04-22 8:56:08
thegrande	코모리	COMOLI	17850	COMOLI(コモリ)	0	0	\N	1	\N	2026-04-22 8:56:02
thegrande	AMI	AMI	4789	AMI PARIS(アミ パリス)	3	1	\N	1	\N	2026-04-22 8:55:28
thegrande	그라디	Gladee	0	Gladee	0	0	\N	1	\N	2026-04-22 8:54:33
thegrande	크롬하츠	CHROME HEARTS	467	CHROME HEARTS(クロムハーツ)	0	0	\N	1	\N	2026-04-22 8:54:30
thegrande	CP컴퍼니	C.P. Company	3819	C.P. Company(シーピーカンパニー)	3	1	\N	1	\N	2026-04-22 8:52:57
kometa	살바토레페레가모	ferragamo	303	FERRAGAMO(フェラガモ)	0	0	\N	1	\N	2026-04-22 6:00:37
kometa	알렉산더 맥퀸	alexander mcqueen	111	alexander mcqueen(アレキサンダーマックイーン)	0	0	\N	1	\N	2026-04-22 5:59:42
kometa	입생로랑	SAINT LAURENT	342	Saint Laurent(サンローラン)	0	0	\N	1	\N	2026-04-22 5:54:06
unico	지미추	Jimmy Choo	224	Jimmy Choo(ジミーチュウ)	0	0	\N	1	\N	2026-04-22 5:03:29
unico	크루치아니	Cruciani	937	Cruciani(クルチアーニ)	0	0	\N	1	\N	2026-04-22 4:32:40
unico	루부탱	Christian Louboutin	164	Christian Louboutin(クリスチャンルブタン)	0	0	\N	1	\N	2026-04-22 3:02:59
unico	키톤	Kiton	1376	Kiton(キートン)	0	0	\N	1	\N	2026-04-22 2:52:17
unico	호간	HOGAN	4293	HOGAN(ホーガン)	0	0	\N	1	\N	2026-04-22 2:50:36
unico	이놈어닛	IH NOM UH NIT	9765	IH NOM UH NIT(インノミネイト)	0	0	\N	1	\N	2026-04-22 2:24:33
unico	크리스찬루부탱	Christian Louboutin	164	Christian Louboutin(クリスチャンルブタン)	0	0	\N	1	\N	2026-04-22 2:04:56
unico	델보	DELVAUX	4887	DELVAUX(デルヴォー)	0	0	\N	1	\N	2026-04-22 1:57:09
unico	아미	AMI	4789	AMI PARIS(アミ パリス)	3	1	\N	1	\N	2026-04-22 0:25:11
euroline	ALEXANDER WANG / 병행수입	ALEXANDER WANG	112	Alexander Wang(アレキサンダーワン)	2	1	\N	1	\N	2026-04-21 23:54:13
euroline	MOOSE KNUCKLES/병행수입	MOOSE KNUCKLES	5616	MOOSE KNUCKLES(ムースナックルズ)	2	1	\N	1	\N	2026-04-21 23:36:16
bblue	아스토레	아스토레	\N	\N	0	0	\N	0	\N	2026-04-21 23:03:17
bblue	크리스탈 헤이즈	Crystal Haze	17503	Crystal Haze(クリスタルヘイズ)	0	0	\N	1	\N	2026-04-21 22:39:29
bblue	켈미	켈미	\N	\N	0	0	\N	0	\N	2026-04-21 22:33:50
bblue	트로앤토프	Troentorp	10212	Troentorp(トロエントープ)	0	0	\N	1	\N	2026-04-21 22:32:55
bblue	오즈어그웨어	OZUGGWEAR	0	OZUGGWEAR	0	0	\N	1	\N	2026-04-21 22:21:13
bblue	리프로덕션오브파운드	REPRODUCTION OF FOUND	0	REPRODUCTION OF FOUND	0	0	\N	1	\N	2026-04-21 22:13:26
bblue	컨버스	컨버스	\N	\N	0	0	\N	0	\N	2026-04-21 21:57:10
bblue	휠라	FILA	648	FILA(フィラ)	0	0	\N	1	\N	2026-04-21 21:45:06
bblue	프레드페리	FRED PERRY	633	FRED PERRY(フレッドペリー)	0	0	\N	1	\N	2026-04-21 21:43:18
bblue	이지 갭	YEEZY	8546	YEEZY(イージー)	0	0	\N	1	\N	2026-04-21 21:29:06
bblue	잔스포츠	jansport	4730	jansport(ジャンスポーツ)	0	0	\N	1	\N	2026-04-21 20:30:47
bblue	오즈웨어	OZUGGWEAR	0	OZUGGWEAR	0	0	\N	1	\N	2026-04-21 20:17:48
bblue	오즈웨어어그	OZUGGWEAR	0	OZUGGWEAR	0	0	\N	1	\N	2026-04-21 20:14:28
bblue	베어파우	Bearpaw	381	Bearpaw(ベアパウ)	0	0	\N	1	\N	2026-04-21 20:11:07
bblue	수부	SUBU	19083	SUBU(スブ)	0	0	\N	1	\N	2026-04-21 17:52:07
bblue	노르다	norda	19182	norda(ノルダ)	0	0	\N	1	\N	2026-04-21 16:32:18
bblue	핏플랍	Fitflop	1260	Fitflop(フィットフロップ)	0	0	\N	1	\N	2026-04-21 15:21:14
bblue	머렐	MERRELL	1664	MERRELL(メレル)	0	0	\N	1	\N	2026-04-21 15:20:02
bblue	뉴에라	New Era	1845	New Era(ニューエラ)	0	0	\N	1	\N	2026-04-21 15:18:10
bblue	락포트	ROCKPORT	11697	ROCKPORT(ロックポート)	0	0	\N	1	\N	2026-04-21 15:11:23
maniaon	FORTE COUTURE	Forte dei Marmi Couture	10837	Forte dei Marmi Couture(フォルテデイマルミ)	3	1	\N	1	\N	2026-04-21 14:55:23
maniaon	ON RUNNING	On	12844	On(オン)	3	1	\N	1	\N	2026-04-21 14:08:39
maniaon	AMI	AMI	4789	AMI PARIS(アミ パリス)	3	1	\N	1	\N	2026-04-21 13:32:04
pano	MARTIN MARGIELA	Maison Margiela	251	Maison Margiela(メゾン マルジェラ)	3	1	\N	1	\N	2026-04-21 13:17:07
euroline	AMI	AMI	4789	AMI PARIS(アミ パリス)	3	1	\N	1	\N	2026-04-21 13:10:04
thefactor2	메종마르지엘라	MAISON MARGIELA	251	Maison Margiela(メゾン マルジェラ)	0	0	\N	1	\N	2026-04-20 16:05:22
tuttobene	몽클레어	MONCLER	83	MONCLER(モンクレール)	0	0	\N	1	\N	2026-04-20 16:04:27
dmont	몽클레어	MONCLER	83	MONCLER(モンクレール)	0	0	\N	1	\N	2026-04-20 16:03:48
dmont	버버리	BURBERRY	150	Burberry(バーバリー)	0	0	\N	1	\N	2026-04-20 16:03:44
dmont	구찌	GUCCI	203	GUCCI(グッチ)	0	0	\N	1	\N	2026-04-20 16:03:37
dmont	스톤아일랜드	STONE ISLAND	1434	STONE ISLAND(ストーンアイランド)	0	0	\N	1	\N	2026-04-20 16:03:29
pano	GIUSEPPE ZANOTTI	GIUSEPPE ZANOTTI	201	GIUSEPPE ZANOTTI(ジュゼッペザノッティ)	1	1	\N	1	\N	2026-04-22 15:00:08
pano	ALEXANDER MCQUEEN	ALEXANDER MCQUEEN	111	alexander mcqueen(アレキサンダーマックイーン)	1	1	\N	1	\N	2026-04-22 14:59:11
pano	AMI	AMI	3772	JAMIS(ジェイミス)	3	1	\N	1	\N	2026-04-22 14:59:01
pano	JACQUEMUS	JACQUEMUS	7388	JACQUEMUS(ジャックムス)	1	1	\N	1	\N	2026-04-22 14:55:26
pano	SAINT LAURENT	SAINT LAURENT	342	Saint Laurent(サンローラン)	1	1	\N	1	\N	2026-04-22 14:55:07
pano	HELEN KAMINSKI	HELEN KAMINSKI	208	HELEN KAMINSKI(ヘレンカミンスキー)	1	1	\N	1	\N	2026-04-22 14:54:39
pano	ADIDAS	ADIDAS	105	adidas(アディダス)	1	1	\N	1	\N	2026-04-22 14:54:03
pano	VALENTINO	VALENTINO	559	VALENTINO(ヴァレンティノ)	1	1	\N	1	\N	2026-04-22 14:53:40
pano	WOOYOUNGMI	WOOYOUNGMI	4859	WOOYOUNGMI(ウーヨンミ)	1	1	\N	1	\N	2026-04-22 14:53:37
pano	TOM FORD	TOM FORD	1135	TOM FORD(トムフォード)	1	1	\N	1	\N	2026-04-22 14:53:33
pano	DIESEL	DIESEL	177	DIESEL(ディーゼル)	1	1	\N	1	\N	2026-04-22 14:53:20
pano	MOOSE KNUCKLES	MOOSE KNUCKLES	5616	MOOSE KNUCKLES(ムースナックルズ)	1	1	\N	1	\N	2026-04-22 14:53:13
pano	UGG	UGG	89	UGG(アグ)	1	1	\N	1	\N	2026-04-22 14:53:03
pano	NANAMICA	NANAMICA	1582	nanamica(ナナミカ)	1	1	\N	1	\N	2026-04-22 14:52:41
pano	ADER ERROR	ADER ERROR	6815	ADERERROR(アーダーエラー)	2	1	\N	1	\N	2026-04-22 14:52:24
pano	PRADA	PRADA	290	PRADA(プラダ)	1	1	\N	1	\N	2026-04-22 14:51:33
pano	HARLEY OF SCOTLAND	HARLEY OF SCOTLAND	17082	Harley of Scotland(ハーレーオブスコットランド)	1	1	\N	1	\N	2026-04-22 14:51:05
pano	NORDA	NORDA	19182	norda(ノルダ)	1	1	\N	1	\N	2026-04-22 14:50:52
pano	BALLY	BALLY	132	BALLY(バリー)	1	1	\N	1	\N	2026-04-22 14:50:49
pano	AUTRY	AUTRY	16891	AUTRY(オートリー)	1	1	\N	1	\N	2026-04-22 14:50:32
pano	KEEN	KEEN	2008	KEEN(キーン)	1	1	\N	1	\N	2026-04-22 14:50:21
pano	MAX MARA	MAX MARA	258	Max Mara(マックスマーラ)	1	1	\N	1	\N	2026-04-22 14:50:18
pano	BURBERRY	BURBERRY	150	Burberry(バーバリー)	1	1	\N	1	\N	2026-04-22 14:50:15
pano	FENDI	FENDI	190	FENDI(フェンディ)	1	1	\N	1	\N	2026-04-22 14:49:59
pano	DRAGON DIFFUSION	DRAGON DIFFUSION	9341	Dragon Diffusion(ドラゴンディフュージョン)	1	1	\N	1	\N	2026-04-22 14:49:49
pano	ISABEL MARANT	ISABEL MARANT	1320	Isabel Marant(イザベルマラン)	1	1	\N	1	\N	2026-04-22 14:49:19
pano	BOTTEGA VENETA	BOTTEGA VENETA	146	BOTTEGA VENETA(ボッテガヴェネタ)	1	1	\N	1	\N	2026-04-22 14:49:06
pano	VERSACE	VERSACE	481	VERSACE(ヴェルサーチェ)	1	1	\N	1	\N	2026-04-22 14:48:56
pano	STONE ISLAND	STONE ISLAND	1434	STONE ISLAND(ストーンアイランド)	1	1	\N	1	\N	2026-04-22 14:48:53
pano	OUR LEGACY	OUR LEGACY	3818	OUR LEGACY(アワーレガシー)	1	1	\N	1	\N	2026-04-22 14:48:37
pano	MAISON MARGIELA	MAISON MARGIELA	251	Maison Margiela(メゾン マルジェラ)	1	1	\N	1	\N	2026-04-22 14:47:44
luxlimit	Nike	Nike	275	Nike(ナイキ)	1	1	\N	1	\N	2026-04-22 14:45:12
luxlimit	풋조이	FootJoy	7993	FootJoy(フットジョイ)	1	1	\N	1	\N	2026-04-22 14:45:02
luxlimit	PXG	PXG	12002	PXG(ピーエックスジー)	1	1	\N	1	\N	2026-04-22 14:44:33
luxlimit	다임	DIME	8039	Dime(ダイム)	1	1	\N	1	\N	2026-04-22 14:44:19
luxlimit	yeezygap	yeezygap	8546	YEEZY(イージー)	3	1	\N	1	\N	2026-04-22 14:44:13
luxlimit	에르메스	Hermes	210	HERMES(エルメス)	1	1	\N	1	\N	2026-04-22 14:43:09
luxlimit	호카오네오네	HOKA ONE ONE	6906	HOKA(ホカ)	3	1	\N	1	\N	2026-04-22 14:39:07
luxlimit	겐조	KENZO	486	KENZO(ケンゾー)	1	1	\N	1	\N	2026-04-22 14:24:20
luxlimit	더로우	THE ROW	1293	The Row(ザ・ロウ)	1	1	\N	1	\N	2026-04-22 13:54:41
luxlimit	porter	porter	16849	PORTER(ポーター)	1	1	\N	1	\N	2026-04-22 13:53:57
luxlimit	미하라야스히로	MIHARA YASUHIRO	1986	MIHARAYASUHIRO(ミハラヤスヒロ)	2	1	\N	1	\N	2026-04-22 13:51:24
luxlimit	클라터뮤젠	KLATTERMUSEN	1576	KLATTERMUSEN(クレッタルムーセン)	1	1	\N	1	\N	2026-04-22 13:51:13
luxlimit	제이린드버그	J.LINDEBERG	1619	J.LINDEBERG(ジェイリンドバーグ)	1	1	\N	1	\N	2026-04-22 13:21:57
luxlimit	토즈	TODS	320	TOD'S(トッズ)	2	1	\N	1	\N	2026-04-22 13:14:22
luxlimit	폴로랄프로렌	ralphlauren	84	Ralph Lauren(ラルフローレン)	2	1	\N	1	\N	2026-04-22 13:14:08
luxlimit	로로피아나	LORO PIANA	1389	Loro Piana(ロロ・ピアーナ)	1	1	\N	1	\N	2026-04-22 13:11:29
luxlimit	HERMES	HERMES	210	HERMES(エルメス)	1	1	\N	1	\N	2026-04-22 13:05:21
luxlimit	샤넬	CHANEL	158	CHANEL(シャネル)	1	1	\N	1	\N	2026-04-22 12:53:01
luxlimit	반스	VANS	793	VANS(バンズ)	1	1	\N	1	\N	2026-04-22 12:52:43
luxlimit	베르사체	VERSACE	481	VERSACE(ヴェルサーチェ)	1	1	\N	1	\N	2026-04-22 12:51:18
luxlimit	파타고니아	patagonia	595	Patagonia(パタゴニア)	1	1	\N	1	\N	2026-04-22 12:51:14
luxlimit	칼하트WIP	CARHARTT WIP	596	Carhartt(カーハート)	3	1	\N	1	\N	2026-04-22 12:50:40
luxlimit	아크테릭스	Arcteryx	787	ARC'TERYX(アークテリクス)	2	1	\N	1	\N	2026-04-22 12:50:24
luxlimit	아워레가시	OUR LEGACY	3818	OUR LEGACY(アワーレガシー)	1	1	\N	1	\N	2026-04-22 12:49:35
luxlimit	CP컴퍼니	C.P.company	3819	C.P. Company(シーピーカンパニー)	3	1	\N	1	\N	2026-04-22 12:49:04
luxlimit	이솝	이솝	\N	\N	0	0	\N	0	\N	2026-04-22 12:48:36
luxlimit	아식스	asics	127	asics(アシックス)	1	1	\N	1	\N	2026-04-22 12:48:32
luxlimit	메종키츠네	MAISON KITSUNE	1550	MAISON KITSUNE(メゾンキツネ)	1	1	\N	1	\N	2026-04-22 12:47:57
luxlimit	꼼데가르송	COMME DES GARCONS	170	COMME des GARCONS(コムデギャルソン)	1	1	\N	1	\N	2026-04-22 12:45:49
luxlimit	데우스	DEUS	4975	Deus Ex Machina(デウスエクスマキナ)	3	1	\N	1	\N	2026-04-22 12:45:46
luxlimit	휴먼메이드	HUMAN MADE	14004	HUMAN MADE(ヒューマンメイド)	1	1	\N	1	\N	2026-04-22 12:45:39
luxlimit	스투시	STUSSY	312	STUSSY(ステューシー)	1	1	\N	1	\N	2026-04-22 12:45:33
luxlimit	니들스	NEEDLES	11998	Needles(ニードルズ)	1	1	\N	1	\N	2026-04-22 12:45:11
luxlimit	AMI	AMI	3772	JAMIS(ジェイミス)	3	1	\N	1	\N	2026-04-22 12:45:08
luxlimit	스와로브스키	SWAROVSKI	407	SWAROVSKI(スワロフスキー)	1	1	\N	1	\N	2026-04-22 12:44:09
luxlimit	파슬	Fossil	191	Fossil(フォッシル)	1	1	\N	1	\N	2026-04-22 12:40:28
luxlimit	생로랑	SAINT LAURENT	342	Saint Laurent(サンローラン)	1	1	\N	1	\N	2026-04-22 12:39:58
luxlimit	톰브라운	thombrowne	2997	THOM BROWNE(トムブラウン)	2	1	\N	1	\N	2026-04-22 12:39:54
luxlimit	다미아니	damiani	425	Damiani(ダミアーニ)	1	1	\N	1	\N	2026-04-22 12:38:51
luxlimit	롱샴	LONGCHAMP	245	Longchamp(ロンシャン)	1	1	\N	1	\N	2026-04-22 12:37:27
luxlimit	GANNI	GANNI	4351	Ganni(ガニー)	1	1	\N	1	\N	2026-04-22 12:37:14
luxlimit	버버리	BURBERRY	150	Burberry(バーバリー)	1	1	\N	1	\N	2026-04-22 12:33:26
luxlimit	디젤	DIESEL	177	DIESEL(ディーゼル)	1	1	\N	1	\N	2026-04-22 12:33:10
luxlimit	비비안웨스트우드	Vivienne Westwood	334	Vivienne Westwood(ヴィヴィアンウエストウッド)	1	1	\N	1	\N	2026-04-22 12:33:07
luxlimit	norda	norda	19182	norda(ノルダ)	1	1	\N	1	\N	2026-04-22 12:32:51
luxlimit	스톤아일랜드	STONE ISLAND	1434	STONE ISLAND(ストーンアイランド)	1	1	\N	1	\N	2026-04-22 12:28:48
luxlimit	프라다	PRADA	290	PRADA(プラダ)	1	1	\N	1	\N	2026-04-22 12:28:31
luxlimit	자크뮈스	JACQUEMUS	7388	JACQUEMUS(ジャックムス)	1	1	\N	1	\N	2026-04-22 12:28:18
luxlimit	발렌티노	valentino	559	VALENTINO(ヴァレンティノ)	1	1	\N	1	\N	2026-04-22 12:28:12
luxlimit	텐씨	Ten c	3609	Ten-C(テンシー)	2	1	\N	1	\N	2026-04-22 12:28:09
luxlimit	몽클레르	MONCLER	83	MONCLER(モンクレール)	1	1	\N	1	\N	2026-04-22 12:26:55
luxlimit	헌터	HUNTER	215	HUNTER(ハンター)	1	1	\N	1	\N	2026-04-22 12:26:42
luxlimit	살로몬	SALOMON	3736	Salomon(サロモン)	1	1	\N	1	\N	2026-04-22 12:24:47
luxlimit	셀린느	CELINE	466	CELINE(セリーヌ)	1	1	\N	1	\N	2026-04-22 12:23:08
luxlimit	DIOR	DIOR	163	Dior(ディオール)	1	1	\N	1	\N	2026-04-22 12:23:02
luxlimit	구찌	GUCCI	203	GUCCI(グッチ)	1	1	\N	1	\N	2026-04-22 12:22:58
luxlimit	아페쎄	A.P.C.	3668	A.P.C.(アーペーセー)	1	1	\N	1	\N	2026-04-22 12:22:55
luxlimit	루이 비통	LOUIS VUITTON	246	Louis Vuitton(ルイヴィトン)	1	1	\N	1	\N	2026-04-22 12:22:48
luxlimit	호카	HOKA	6906	HOKA(ホカ)	1	1	\N	1	\N	2026-04-22 12:22:38
luxlimit	이자벨마랑	ISABEL MARANT	1320	Isabel Marant(イザベルマラン)	1	1	\N	1	\N	2026-04-22 12:22:18
luxlimit	노스페이스	The North Face	594	THE NORTH FACE(ザノースフェイス)	1	1	\N	1	\N	2026-04-22 12:21:48
luxlimit	요시다포터	YOSHIDA PORTER	16849	PORTER(ポーター)	3	1	\N	1	\N	2026-04-22 12:21:37
luxlimit	미우미우	Miu Miu	267	MiuMiu(ミュウミュウ)	2	1	\N	1	\N	2026-04-22 12:21:18
luxlimit	발렌시아가	BALENCIAGA	131	BALENCIAGA(バレンシアガ)	1	1	\N	1	\N	2026-04-22 12:21:10
luxlimit	칼하트	Carhartt	596	Carhartt(カーハート)	1	1	\N	1	\N	2026-04-22 12:20:59
luxlimit	타미힐피거	TOMMY HILFIGER	353	Tommy Hilfiger(トミーヒルフィガー)	1	1	\N	1	\N	2026-04-22 12:19:41
luxlimit	티파니앤코	Tiffany & Co	565	Tiffany & Co(ティファニー)	1	1	\N	1	\N	2026-04-22 12:19:34
luxlimit	컨버스	컨버스	\N	\N	0	0	\N	1	\N	2026-04-22 12:19:31
luxlimit	펜디	fendi	190	FENDI(フェンディ)	1	1	\N	0	\N	2026-04-22 12:18:42
luxlimit	메종마르지엘라	MAISON MARGIELA	251	Maison Margiela(メゾン マルジェラ)	1	1	\N	1	\N	2026-04-22 12:18:38
luxlimit	보테가베네타	BOTTEGA VENETA	146	BOTTEGA VENETA(ボッテガヴェネタ)	1	1	\N	1	\N	2026-04-22 12:18:08
luxlimit	아디다스	adidas	105	adidas(アディダス)	1	1	\N	1	\N	2026-04-22 12:17:50
luxlimit	나이키	NIKE	275	Nike(ナイキ)	1	1	\N	1	\N	2026-04-22 12:17:38
upset	반스	VANS	793	VANS(バンズ)	1	1	\N	1	\N	2026-04-22 12:14:44
upset	살로몬	SALOMON	3736	Salomon(サロモン)	1	1	\N	1	\N	2026-04-22 12:13:32
upset	언더아머	UNDER ARMOUR	3641	UNDER ARMOUR(アンダーアーマー)	1	1	\N	1	\N	2026-04-22 12:13:28
upset	폴로 랄프로렌	Polo RalphLauren	5918	POLO RALPH LAUREN(ポロラルフローレン)	2	1	\N	1	\N	2026-04-22 12:12:02
upset	닥터마틴	Dr.Martens	1213	Dr.Martens(ドクターマーチン)	1	1	\N	1	\N	2026-04-22 12:08:06
upset	팀버랜드	Timberland	534	Timberland(ティンバーランド)	1	1	\N	1	\N	2026-04-22 12:03:17
upset	파타고니아	patagonia	595	Patagonia(パタゴニア)	1	1	\N	1	\N	2026-04-22 12:02:18
upset	헌터	HUNTER	215	HUNTER(ハンター)	1	1	\N	1	\N	2026-04-22 11:38:21
upset	1201A019-107	1201A019-107	\N	\N	0	0	\N	0	\N	2026-04-22 11:35:41
upset	호카오네오네	HOKA ONE ONE	6906	HOKA(ホカ)	3	1	\N	1	\N	2026-04-22 11:32:52
upset	클락스	Clarks	165	Clarks(クラークス)	1	1	\N	1	\N	2026-04-22 11:32:45
upset	보너	보너	\N	\N	0	0	\N	0	\N	2026-04-22 11:20:45
upset	아식스	asics	127	asics(アシックス)	1	1	\N	1	\N	2026-04-22 11:16:26
upset	기타 브랜드	기타 브랜드	\N	\N	0	0	\N	0	\N	2026-04-22 11:15:26
upset	어그	UGG	89	UGG(アグ)	1	1	\N	1	\N	2026-04-22 11:14:37
upset	킨	KEEN	2008	KEEN(キーン)	1	1	\N	1	\N	2026-04-22 11:14:25
upset	우포스	OOFOS	14666	OOFOS(ウーフォス)	1	1	\N	1	\N	2026-04-22 11:13:13
upset	미즈노	MIZUNO	3958	MIZUNO(ミズノ)	1	1	\N	1	\N	2026-04-22 11:11:40
upset	푸마	PUMA	295	PUMA(プーマ)	1	1	\N	1	\N	2026-04-22 11:11:33
upset	지포어	G/FORE	9813	G FORE(ジーフォア)	2	1	\N	1	\N	2026-04-22 10:58:01
upset	나이키	NIKE	275	Nike(ナイキ)	1	1	\N	1	\N	2026-04-22 10:57:54
upset	새티스파이	SATISFY	12977	SATISFY(サティスファイ)	1	1	\N	1	\N	2026-04-22 10:57:26
thegrande	펜디	fendi	190	FENDI(フェンディ)	1	1	\N	1	\N	2026-04-22 10:54:39
thegrande	팜엔젤스	Palm Angels	8019	Palm Angels(パームエンジェルス)	1	1	\N	1	\N	2026-04-22 10:52:15
thegrande	KULE	KULE	10539	KULE(クール)	1	1	\N	1	\N	2026-04-22 10:50:08
thegrande	바버	Barbour	932	Barbour(バブアー)	1	1	\N	1	\N	2026-04-22 10:49:55
thegrande	발렌티노	valentino	559	VALENTINO(ヴァレンティノ)	1	1	\N	1	\N	2026-04-22 10:49:41
thegrande	424	424	7434	424(フォートゥーフォー)	1	1	\N	1	\N	2026-04-22 10:49:27
thegrande	발망	BALMAIN	1046	BALMAIN(バルマン)	1	1	\N	1	\N	2026-04-22 10:45:17
thegrande	스투시	STUSSY	312	STUSSY(ステューシー)	1	1	\N	1	\N	2026-04-22 10:40:32
thegrande	미하라야스히로	MIHARA YASUHIRO	1986	MIHARAYASUHIRO(ミハラヤスヒロ)	2	1	\N	1	\N	2026-04-22 10:37:26
thegrande	오프화이트	Off-White	5041	Off-White(オフホワイト)	1	1	\N	1	\N	2026-04-22 10:35:41
thegrande	폴로랄프로렌	ralphlauren	84	Ralph Lauren(ラルフローレン)	2	1	\N	1	\N	2026-04-22 10:33:39
thegrande	Real Bristol	Real Bristol	14107	F.C.Real Bristol(エフシーレアルブリストル)	3	1	\N	1	\N	2026-04-22 10:31:44
thegrande	디올	DIOR	163	Dior(ディオール)	1	1	\N	1	\N	2026-04-22 10:26:58
thegrande	마르니	MARNI	370	MARNI(マルニ)	1	1	\N	1	\N	2026-04-22 10:24:10
thegrande	생로랑	SAINT LAURENT	342	Saint Laurent(サンローラン)	1	1	\N	1	\N	2026-04-22 10:23:14
thegrande	베르사체	VERSACE	481	VERSACE(ヴェルサーチェ)	1	1	\N	1	\N	2026-04-22 10:18:09
thegrande	아크네	Acne Studios	618	Acne Studios(アクネストゥディオス)	1	1	\N	1	\N	2026-04-22 10:17:57
thegrande	아크테릭스	Arcteryx	787	ARC'TERYX(アークテリクス)	2	1	\N	1	\N	2026-04-22 10:15:42
thegrande	MSGM	MSGM	2828	MSGM(エムエスジイエム)	1	1	\N	1	\N	2026-04-22 10:15:00
thegrande	언더커버	UNDERCOVER	8291	UNDERCOVER(アンダーカバー)	1	1	\N	1	\N	2026-04-22 10:12:38
thegrande	에르메스	Hermes	210	HERMES(エルメス)	1	1	\N	1	\N	2026-04-22 10:10:50
tuttobene	CP컴퍼니	CP컴퍼니	20411	CCP(シーシーピー)	3	1	\N	1	\N	2026-04-22 10:03:00
thegrande	가니	GANNI	4351	Ganni(ガニー)	1	1	\N	1	\N	2026-04-22 10:00:38
thegrande	골든구스	Golden Goose	2145	Golden Goose(ゴールデングース)	1	1	\N	1	\N	2026-04-22 9:55:50
thegrande	질샌더	JIL SANDER	1583	Jil Sander(ジルサンダー)	1	1	\N	1	\N	2026-04-22 9:52:08
thegrande	로에베	LOEWE	243	LOEWE(ロエベ)	1	1	\N	1	\N	2026-04-22 9:51:55
thegrande	HERMES	HERMES	210	HERMES(エルメス)	1	1	\N	1	\N	2026-04-22 9:48:19
thegrande	GANNI	GANNI	4351	Ganni(ガニー)	1	1	\N	1	\N	2026-04-22 9:24:45
thegrande	보테가베네타	BOTTEGA VENETA	146	BOTTEGA VENETA(ボッテガヴェネタ)	1	1	\N	1	\N	2026-04-22 9:22:03
thegrande	와일드동키	WILD DONKEY	17821	Wild Donkey(ワイルドドンキー)	1	1	\N	1	\N	2026-04-22 9:19:24
thegrande	버버리	BURBERRY	150	Burberry(バーバリー)	1	1	\N	1	\N	2026-04-22 9:16:52
thegrande	몽클레어	MONCLER	83	MONCLER(モンクレール)	1	1	\N	1	\N	2026-04-22 9:16:48
thegrande	APC	APC	3668	A.P.C.(アーペーセー)	2	1	\N	1	\N	2026-04-22 9:16:15
thegrande	캐피탈	KAPITAL	19955	KAPITAL(キャピタル)	1	1	\N	1	\N	2026-04-22 9:15:46
thegrande	DIOR	DIOR	163	Dior(ディオール)	1	1	\N	1	\N	2026-04-22 9:15:14
thegrande	구찌	GUCCI	203	GUCCI(グッチ)	1	1	\N	1	\N	2026-04-22 9:15:11
thegrande	발렌시아가	BALENCIAGA	131	BALENCIAGA(バレンシアガ)	1	1	\N	1	\N	2026-04-22 9:15:07
thegrande	알렉산더맥퀸	ALEXANDER MCQUEEN	111	alexander mcqueen(アレキサンダーマックイーン)	1	1	\N	1	\N	2026-04-22 9:14:02
thegrande	겐조	KENZO	486	KENZO(ケンゾー)	1	1	\N	1	\N	2026-04-22 9:09:43
thegrande	어그	UGG	89	UGG(アグ)	1	1	\N	1	\N	2026-04-22 9:04:06
thegrande	세인트미카엘	SAINT MXXXXXX	16929	Saint Mxxxxxx(セントマイケル)	1	1	\N	1	\N	2026-04-22 9:03:05
thegrande	셀린느	CELINE	466	CELINE(セリーヌ)	1	1	\N	1	\N	2026-04-22 9:02:48
thegrande	샤넬	CHANEL	158	CHANEL(シャネル)	1	1	\N	1	\N	2026-04-22 9:02:45
thegrande	비비안웨스트우드	Vivienne Westwood	334	Vivienne Westwood(ヴィヴィアンウエストウッド)	1	1	\N	1	\N	2026-04-22 9:01:48
thegrande	몽클레르	MONCLER	83	MONCLER(モンクレール)	1	1	\N	1	\N	2026-04-22 9:01:26
thegrande	디젤	DIESEL	177	DIESEL(ディーゼル)	1	1	\N	1	\N	2026-04-22 9:00:05
thegrande	메종키츠네	MAISON KITSUNE	1550	MAISON KITSUNE(メゾンキツネ)	1	1	\N	1	\N	2026-04-22 8:59:40
thegrande	미우미우	Miu Miu	267	MiuMiu(ミュウミュウ)	2	1	\N	1	\N	2026-04-22 8:58:27
thegrande	이자벨마랑	ISABEL MARANT	1320	Isabel Marant(イザベルマラン)	1	1	\N	1	\N	2026-04-22 8:56:38
thegrande	메종마르지엘라	MAISON MARGIELA	251	Maison Margiela(メゾン マルジェラ)	1	1	\N	1	\N	2026-04-22 8:56:18
thegrande	니들스	NEEDLES	11998	Needles(ニードルズ)	1	1	\N	1	\N	2026-04-22 8:55:52
thegrande	막스마라	MAX MARA	258	Max Mara(マックスマーラ)	1	1	\N	1	\N	2026-04-22 8:55:46
thegrande	베이프	A BATHING APE	661	A BATHING APE(アベイシングエイプ)	1	1	\N	1	\N	2026-04-22 8:54:20
thegrande	chanel	chanel	158	CHANEL(シャネル)	1	1	\N	1	\N	2026-04-22 8:54:17
thegrande	꼼데가르송	COMME DES GARCONS	170	COMME des GARCONS(コムデギャルソン)	1	1	\N	1	\N	2026-04-22 8:54:04
thegrande	스톤아일랜드	STONE ISLAND	1434	STONE ISLAND(ストーンアイランド)	1	1	\N	1	\N	2026-04-22 8:53:26
thegrande	이세이미야케	ISSEY MIYAKE	636	ISSEY MIYAKE(イッセイミヤケ)	1	1	\N	1	\N	2026-04-22 8:51:39
thegrande	새티스파이	SATISFY	12977	SATISFY(サティスファイ)	1	1	\N	1	\N	2026-04-22 8:51:35
thegrande	자크뮈스	JACQUEMUS	7388	JACQUEMUS(ジャックムス)	1	1	\N	1	\N	2026-04-22 8:51:31
thegrande	WOOYOUNGMI	WOOYOUNGMI	4859	WOOYOUNGMI(ウーヨンミ)	1	1	\N	1	\N	2026-04-22 8:51:28
thegrande	프라다	PRADA	290	PRADA(プラダ)	1	1	\N	1	\N	2026-04-22 8:51:18
thegrande	톰브라운	thombrowne	2997	THOM BROWNE(トムブラウン)	2	1	\N	1	\N	2026-04-22 8:51:06
larlashoes	미즈노	MIZUNO	3958	MIZUNO(ミズノ)	1	1	\N	1	\N	2026-04-22 8:47:47
kometa	멀버리	MULBERRY	269	Mulberry(マルベリー)	1	1	\N	1	\N	2026-04-22 6:00:00
kometa	마르니	MARNI	370	MARNI(マルニ)	1	1	\N	1	\N	2026-04-22 5:59:51
kometa	미우미우	Miu Miu	267	MiuMiu(ミュウミュウ)	2	1	\N	1	\N	2026-04-22 5:59:48
kometa	톰브라운	thombrowne	2997	THOM BROWNE(トムブラウン)	2	1	\N	1	\N	2026-04-22 5:58:49
kometa	지방시	GIVENCHY	43	GIVENCHY(ジバンシィ)	1	1	\N	1	\N	2026-04-22 5:58:16
kometa	끌로에	CHLOE	85	Chloe(クロエ)	1	1	\N	1	\N	2026-04-22 5:58:08
kometa	발렌시아가	BALENCIAGA	131	BALENCIAGA(バレンシアガ)	1	1	\N	1	\N	2026-04-22 5:57:23
kometa	펜디	fendi	190	FENDI(フェンディ)	1	1	\N	1	\N	2026-04-22 5:55:45
kometa	보테가베네타	BOTTEGA VENETA	146	BOTTEGA VENETA(ボッテガヴェネタ)	1	1	\N	1	\N	2026-04-22 5:54:15
kometa	프라다	PRADA	290	PRADA(プラダ)	1	1	\N	1	\N	2026-04-22 5:52:39
kometa	구찌	GUCCI	203	GUCCI(グッチ)	1	1	\N	1	\N	2026-04-22 5:52:27
kometa	메종키츠네	MAISON KITSUNE	1550	MAISON KITSUNE(メゾンキツネ)	1	1	\N	1	\N	2026-04-22 5:52:23
kometa	발렌티노	valentino	559	VALENTINO(ヴァレンティノ)	1	1	\N	1	\N	2026-04-22 5:52:08
kometa	아페쎄	A.P.C.	3668	A.P.C.(アーペーセー)	1	1	\N	1	\N	2026-04-22 5:51:59
kometa	발리	BALLY	132	BALLY(バリー)	1	1	\N	1	\N	2026-04-22 5:51:54
unico	아크네스튜디오	ACNE STUDIOS	618	Acne Studios(アクネストゥディオス)	1	1	\N	1	\N	2026-04-22 5:22:13
unico	롱샴	LONGCHAMP	245	Longchamp(ロンシャン)	1	1	\N	1	\N	2026-04-22 5:15:13
unico	코치	COACH	167	Coach(コーチ)	1	1	\N	1	\N	2026-04-22 5:11:04
unico	필립모델	philippe model	4451	PHILIPPE MODEL PARIS(フィリップモデルパリ)	3	1	\N	1	\N	2026-04-22 4:52:35
unico	돌체앤가바나	dolcegabbana	181	Dolce & Gabbana(ドルチェ&ガッバーナ)	2	1	\N	1	\N	2026-04-22 4:37:52
unico	디스퀘어드	dsquared2	173	D SQUARED2(ディースクエアード)	2	1	\N	1	\N	2026-04-22 4:33:52
unico	아페쎄	A.P.C.	3668	A.P.C.(アーペーセー)	1	1	\N	1	\N	2026-04-22 3:43:55
unico	토리버치	TORY BURCH	322	Tory Burch(トリーバーチ)	1	1	\N	1	\N	2026-04-22 3:34:07
unico	로저비비에	ROGER VIVIER	1780	Roger Vivier(ロジェ・ヴィヴィエ)	1	1	\N	1	\N	2026-04-22 3:25:46
unico	이자벨마랑	ISABEL MARANT	1320	Isabel Marant(イザベルマラン)	1	1	\N	1	\N	2026-04-22 3:22:01
unico	폴스미스	Paul Smith	285	Paul Smith(ポールスミス)	1	1	\N	1	\N	2026-04-22 3:06:48
unico	골든구스	Golden Goose	2145	Golden Goose(ゴールデングース)	1	1	\N	1	\N	2026-04-22 2:57:35
unico	오트리	AUTRY	16891	AUTRY(オートリー)	1	1	\N	1	\N	2026-04-22 2:52:26
unico	Y-3	Y-3	2146	Y-3(ワイスリー)	1	1	\N	1	\N	2026-04-22 2:50:30
unico	텐씨	Ten c	3609	Ten-C(テンシー)	2	1	\N	1	\N	2026-04-22 2:47:28
unico	겐조	KENZO	486	KENZO(ケンゾー)	1	1	\N	1	\N	2026-04-22 2:26:14
unico	무스너클	MOOSE KNUCKLES	5616	MOOSE KNUCKLES(ムースナックルズ)	1	1	\N	1	\N	2026-04-22 2:25:49
unico	오프화이트	Off-White	5041	Off-White(オフホワイト)	1	1	\N	1	\N	2026-04-22 2:20:57
unico	엠에스지엠	MSGM	2828	MSGM(エムエスジイエム)	1	1	\N	1	\N	2026-04-22 2:15:31
unico	로로피아나	LORO PIANA	1389	Loro Piana(ロロ・ピアーナ)	1	1	\N	1	\N	2026-04-22 2:09:08
unico	랑방	LANVIN	238	LANVIN(ランバン)	1	1	\N	1	\N	2026-04-22 2:07:18
unico	발렌시아가	BALENCIAGA	131	BALENCIAGA(バレンシアガ)	1	1	\N	1	\N	2026-04-22 2:05:08
unico	더로우	THE ROW	1293	The Row(ザ・ロウ)	1	1	\N	1	\N	2026-04-22 2:03:46
unico	지방시	GIVENCHY	43	GIVENCHY(ジバンシィ)	1	1	\N	1	\N	2026-04-22 1:53:05
unico	에트로	ETRO	188	ETRO(エトロ)	1	1	\N	1	\N	2026-04-22 1:46:11
unico	마르니	MARNI	370	MARNI(マルニ)	1	1	\N	1	\N	2026-04-22 1:43:22
unico	마놀로블라닉	Manolo Blahnik	253	Manolo Blahnik(マノロブラニク)	1	1	\N	1	\N	2026-04-22 1:40:10
unico	무레르	MOORER	5034	MOORER(ムーレー)	1	1	\N	1	\N	2026-04-22 1:26:25
unico	브루넬로쿠치넬리	BRUNELLO CUCINELLI	1301	BRUNELLO CUCINELLI(ブルネロクチネリ)	1	1	\N	1	\N	2026-04-22 1:25:55
unico	디스퀘어드2	DSQUARED2	173	D SQUARED2(ディースクエアード)	2	1	\N	1	\N	2026-04-22 1:18:40
unico	마크제이콥스	Marc Jacobs	256	MARC JACOBS(マークジェイコブス)	1	1	\N	1	\N	2026-04-22 1:13:48
unico	톰포드	TOM FORD	1135	TOM FORD(トムフォード)	1	1	\N	1	\N	2026-04-22 1:08:43
unico	디올	DIOR	163	Dior(ディオール)	1	1	\N	1	\N	2026-04-22 0:58:28
unico	끌로에	CHLOE	85	Chloe(クロエ)	1	1	\N	1	\N	2026-04-22 0:38:09
unico	메종마르지엘라	MAISON MARGIELA	251	Maison Margiela(メゾン マルジェラ)	1	1	\N	1	\N	2026-04-22 0:30:21
unico	셀린느	CELINE	466	CELINE(セリーヌ)	1	1	\N	1	\N	2026-04-22 0:25:17
unico	멀버리	MULBERRY	269	Mulberry(マルベリー)	1	1	\N	1	\N	2026-04-22 0:23:16
unico	막스마라	MAX MARA	258	Max Mara(マックスマーラ)	1	1	\N	1	\N	2026-04-22 0:13:02
unico	몽블랑	montblanc	566	Montblanc(モンブラン)	1	1	\N	1	\N	2026-04-22 0:10:17
unico	톰브라운	thombrowne	2997	THOM BROWNE(トムブラウン)	2	1	\N	1	\N	2026-04-22 0:00:03
unico	구찌	GUCCI	203	GUCCI(グッチ)	1	1	\N	1	\N	2026-04-21 23:59:36
unico	로에베	LOEWE	243	LOEWE(ロエベ)	1	1	\N	1	\N	2026-04-21 23:58:50
unico	메종키츠네	MAISON KITSUNE	1550	MAISON KITSUNE(メゾンキツネ)	1	1	\N	1	\N	2026-04-21 23:58:45
unico	미우미우	Miu Miu	267	MiuMiu(ミュウミュウ)	2	1	\N	1	\N	2026-04-21 23:58:39
unico	발렌티노	valentino	559	VALENTINO(ヴァレンティノ)	1	1	\N	1	\N	2026-04-21 23:57:57
unico	펜디	fendi	190	FENDI(フェンディ)	1	1	\N	1	\N	2026-04-21 23:57:30
unico	버버리	BURBERRY	150	Burberry(バーバリー)	1	1	\N	1	\N	2026-04-21 23:57:03
unico	몽클레어	MONCLER	83	MONCLER(モンクレール)	1	1	\N	1	\N	2026-04-21 23:57:00
unico	페라가모	Salvatore Ferragamo	303	FERRAGAMO(フェラガモ)	3	1	\N	1	\N	2026-04-21 23:56:57
unico	보테가베네타	BOTTEGA VENETA	146	BOTTEGA VENETA(ボッテガヴェネタ)	1	1	\N	1	\N	2026-04-21 23:56:51
euroline	ALEXANDER WANG	ALEXANDER WANG	112	Alexander Wang(アレキサンダーワン)	1	1	\N	1	\N	2026-04-21 23:54:10
euroline	MULBERRY	MULBERRY	269	Mulberry(マルベリー)	1	1	\N	1	\N	2026-04-21 23:53:58
euroline	COCCINELLE	COCCINELLE	168	COCCINELLE(コチネレ)	1	1	\N	1	\N	2026-04-21 23:51:48
euroline	알렉산더맥퀸	ALEXANDER MCQUEEN	111	alexander mcqueen(アレキサンダーマックイーン)	1	1	\N	1	\N	2026-04-21 23:51:23
euroline	ALEXANDER MCQUEEN	ALEXANDER MCQUEEN	111	alexander mcqueen(アレキサンダーマックイーン)	1	1	\N	1	\N	2026-04-21 23:50:28
euroline	OFFWHITE	OFFWHITE	5041	Off-White(オフホワイト)	2	1	\N	1	\N	2026-04-21 23:50:16
euroline	OFF WHITE	OFF WHITE	5041	Off-White(オフホワイト)	2	1	\N	1	\N	2026-04-21 23:48:01
euroline	BALENCIAGA	BALENCIAGA	131	BALENCIAGA(バレンシアガ)	1	1	\N	1	\N	2026-04-21 23:47:17
euroline	프라다	PRADA	290	PRADA(プラダ)	1	1	\N	1	\N	2026-04-21 23:46:36
euroline	CHLOE	CHLOE	85	Chloe(クロエ)	1	1	\N	1	\N	2026-04-21 23:44:43
euroline	THOM BROWNE	THOM BROWNE	2997	THOM BROWNE(トムブラウン)	1	1	\N	1	\N	2026-04-21 23:33:40
euroline	MAISON MARGIELA	MAISON MARGIELA	251	Maison Margiela(メゾン マルジェラ)	1	1	\N	1	\N	2026-04-21 23:33:20
euroline	CPCOMPANY	CPCOMPANY	3819	C.P. Company(シーピーカンパニー)	2	1	\N	1	\N	2026-04-21 23:25:29
euroline	구찌	GUCCI	203	GUCCI(グッチ)	1	1	\N	1	\N	2026-04-21 23:23:51
euroline	GUCCI	GUCCI	203	GUCCI(グッチ)	1	1	\N	1	\N	2026-04-21 23:20:22
euroline	MIU MIU	MIU MIU	267	MiuMiu(ミュウミュウ)	2	1	\N	1	\N	2026-04-21 23:16:35
euroline	VALENTINO	VALENTINO	559	VALENTINO(ヴァレンティノ)	1	1	\N	1	\N	2026-04-21 23:15:56
euroline	PARA JUMPERS	PARA JUMPERS	2064	PARAJUMPERS(パラジャンパーズ)	2	1	\N	1	\N	2026-04-21 23:14:56
euroline	FERRAGAMO	FERRAGAMO	303	FERRAGAMO(フェラガモ)	1	1	\N	1	\N	2026-04-21 23:14:14
euroline	SAINT LAURENT	SAINT LAURENT	342	Saint Laurent(サンローラン)	1	1	\N	1	\N	2026-04-21 23:10:36
euroline	CP COMPANY	CP COMPANY	3819	C.P. Company(シーピーカンパニー)	2	1	\N	1	\N	2026-04-21 23:09:02
euroline	BOTTEGA VENETA	BOTTEGA VENETA	146	BOTTEGA VENETA(ボッテガヴェネタ)	1	1	\N	1	\N	2026-04-21 23:08:02
euroline	PRADA	PRADA	290	PRADA(プラダ)	1	1	\N	1	\N	2026-04-21 23:07:58
euroline	BALLY	BALLY	132	BALLY(バリー)	1	1	\N	1	\N	2026-04-21 23:07:54
euroline	AMI PARIS	AMI PARIS	4789	AMI PARIS(アミ パリス)	1	1	\N	1	\N	2026-04-21 23:07:37
euroline	BURBERRY	BURBERRY	150	Burberry(バーバリー)	1	1	\N	1	\N	2026-04-21 23:07:30
euroline	MOOSE KNUCKLES	MOOSE KNUCKLES	5616	MOOSE KNUCKLES(ムースナックルズ)	1	1	\N	1	\N	2026-04-21 23:07:26
euroline	STONE ISLAND	STONE ISLAND	1434	STONE ISLAND(ストーンアイランド)	1	1	\N	1	\N	2026-04-21 23:07:22
bblue	노비스	nobis	6291	Nobis(ノビス)	1	1	\N	1	\N	2026-04-21 22:57:09
bblue	오프화이트	Off-White	5041	Off-White(オフホワイト)	1	1	\N	1	\N	2026-04-21 22:52:27
bblue	무스너클	MOOSE KNUCKLES	5616	MOOSE KNUCKLES(ムースナックルズ)	1	1	\N	1	\N	2026-04-21 22:41:03
bblue	SCHIEK	SCHIEK	16734	Schiek(シーク)	1	1	\N	1	\N	2026-04-21 22:38:22
bblue	크로우캐년	CROWCANYON	7584	CROW CANYON HOME(クロウキャニオンホーム)	3	1	\N	1	\N	2026-04-21 22:27:12
bblue	폴로랄프로렌	ralphlauren	84	Ralph Lauren(ラルフローレン)	2	1	\N	1	\N	2026-04-21 22:22:50
bblue	헬렌카민스키	HELEN KAMINSKI	208	HELEN KAMINSKI(ヘレンカミンスキー)	1	1	\N	1	\N	2026-04-21 22:14:23
bblue	캉골	Kangol	643	Kangol(カンゴール)	1	1	\N	1	\N	2026-04-21 22:09:03
bblue	닥터마틴	Dr.Martens	1213	Dr.Martens(ドクターマーチン)	1	1	\N	1	\N	2026-04-21 21:57:30
bblue	피엘라벤	FJALLRAVEN	4244	FJALLRAVEN(フェールラーベン)	1	1	\N	1	\N	2026-04-21 21:51:41
bblue	라코스테	Lacoste	237	LACOSTE(ラコステ)	1	1	\N	1	\N	2026-04-21 21:34:41
bblue	시다스	SIDAS	18200	SIDAS(シダス)	1	1	\N	1	\N	2026-04-21 21:30:32
bblue	파타고니아	patagonia	595	Patagonia(パタゴニア)	1	1	\N	1	\N	2026-04-21 20:45:15
bblue	캘빈클라인	Calvin Klein	152	Calvin Klein(カルバンクライン)	1	1	\N	1	\N	2026-04-21 20:07:52
bblue	PXG	PXG	12002	PXG(ピーエックスジー)	1	1	\N	1	\N	2026-04-21 19:52:14
bblue	듀베티카	DUVETICA	183	DUVETICA(デュベティカ)	1	1	\N	1	\N	2026-04-21 19:04:24
bblue	우포스	OOFOS	14666	OOFOS(ウーフォス)	1	1	\N	1	\N	2026-04-21 18:53:43
bblue	헌터	HUNTER	215	HUNTER(ハンター)	1	1	\N	1	\N	2026-04-21 18:23:37
bblue	바버	Barbour	932	Barbour(バブアー)	1	1	\N	1	\N	2026-04-21 18:12:24
bblue	어그	UGG	89	UGG(アグ)	1	1	\N	1	\N	2026-04-21 17:30:54
bblue	알파인더스트리	Alpha Industries	7158	ALPHA INDUSTRIES(アルファ　インダストリーズ)	1	1	\N	1	\N	2026-04-21 17:19:46
bblue	파라부트	Paraboot	959	Paraboot(パラブーツ)	1	1	\N	1	\N	2026-04-21 16:55:47
bblue	살로몬	SALOMON	3736	Salomon(サロモン)	1	1	\N	1	\N	2026-04-21 16:36:04
bblue	써코니	saucony	3727	SAUCONY(サッカニー)	1	1	\N	1	\N	2026-04-21 16:05:38
bblue	미즈노	MIZUNO	3958	MIZUNO(ミズノ)	1	1	\N	1	\N	2026-04-21 15:50:44
bblue	제이린드버그	J.LINDEBERG	1619	J.LINDEBERG(ジェイリンドバーグ)	1	1	\N	1	\N	2026-04-21 15:45:02
bblue	호카오네오네	HOKA ONE ONE	6906	HOKA(ホカ)	3	1	\N	1	\N	2026-04-21 15:43:28
bblue	랩	Rab	4298	Rab(ラブ)	1	1	\N	1	\N	2026-04-21 15:42:27
bblue	캠퍼	CAMPER	1052	CAMPER(カンペール)	1	1	\N	1	\N	2026-04-21 15:41:54
bblue	스케쳐스	SKECHERS	3519	SKECHERS(スケッチャーズ)	1	1	\N	1	\N	2026-04-21 15:36:18
bblue	아식스	asics	127	asics(アシックス)	1	1	\N	1	\N	2026-04-21 15:36:04
bblue	버켄스탁	BIRKENSTOCK	143	BIRKENSTOCK(ビルケンシュトック)	1	1	\N	1	\N	2026-04-21 15:35:09
bblue	호카	HOKA	6906	HOKA(ホカ)	1	1	\N	1	\N	2026-04-21 15:34:59
bblue	지포어	G/FORE	9813	G FORE(ジーフォア)	2	1	\N	1	\N	2026-04-21 15:18:38
bblue	킨	KEEN	2008	KEEN(キーン)	1	1	\N	1	\N	2026-04-21 15:14:27
bblue	푸마	PUMA	295	PUMA(プーマ)	1	1	\N	1	\N	2026-04-21 15:12:50
bblue	언더아머	UNDER ARMOUR	3641	UNDER ARMOUR(アンダーアーマー)	1	1	\N	1	\N	2026-04-21 15:09:43
bblue	뉴발란스	New Balance	1854	New Balance(ニューバランス)	1	1	\N	1	\N	2026-04-21 15:08:48
maniaon	C.P. COMPANY	C.P. COMPANY	3819	C.P. Company(シーピーカンパニー)	1	1	\N	1	\N	2026-04-21 14:59:32
maniaon	COMME DES GARCONS	COMME DES GARCONS	170	COMME des GARCONS(コムデギャルソン)	1	1	\N	1	\N	2026-04-21 14:59:27
maniaon	IH NOM UH NIT	IH NOM UH NIT	9765	IH NOM UH NIT(インノミネイト)	1	1	\N	1	\N	2026-04-21 14:59:22
maniaon	ISABEL MARANT ETOILE	ISABEL MARANT ETOILE	4871	ISABEL MARANT ETOILE(イザベルマランエトワール)	1	1	\N	1	\N	2026-04-21 14:57:20
maniaon	VALENTINO	VALENTINO	559	VALENTINO(ヴァレンティノ)	1	1	\N	1	\N	2026-04-21 14:56:19
maniaon	KENZO	KENZO	486	KENZO(ケンゾー)	1	1	\N	1	\N	2026-04-21 14:56:13
maniaon	MONCLER GRENOBLE	MONCLER GRENOBLE	83	MONCLER(モンクレール)	3	1	\N	1	\N	2026-04-21 14:56:08
maniaon	STUART WEITZMAN	STUART WEITZMAN	2489	Stuart Weitzman(スチュアート ワイツマン)	1	1	\N	1	\N	2026-04-21 14:56:03
maniaon	AUTRY	AUTRY	16891	AUTRY(オートリー)	1	1	\N	1	\N	2026-04-21 14:50:47
maniaon	PAUL SMITH	PAUL SMITH	285	Paul Smith(ポールスミス)	1	1	\N	1	\N	2026-04-21 14:41:42
maniaon	골든구스	Golden Goose	2145	Golden Goose(ゴールデングース)	1	1	\N	1	\N	2026-04-21 14:30:58
maniaon	BALMAIN	BALMAIN	1046	BALMAIN(バルマン)	1	1	\N	1	\N	2026-04-21 14:30:23
maniaon	HERNO	HERNO	1240	HERNO(ヘルノ)	1	1	\N	1	\N	2026-04-21 14:29:43
maniaon	TODS	TODS	320	TOD'S(トッズ)	2	1	\N	1	\N	2026-04-21 14:17:27
maniaon	FENDI	FENDI	190	FENDI(フェンディ)	1	1	\N	1	\N	2026-04-21 14:16:25
maniaon	MM6 MAISON MARGIELA	MM6 MAISON MARGIELA	8690	MM6 Maison Margiela(エムエムシックス)	1	1	\N	1	\N	2026-04-21 14:12:39
maniaon	보테가베네타	BOTTEGA VENETA	146	BOTTEGA VENETA(ボッテガヴェネタ)	1	1	\N	1	\N	2026-04-21 14:10:14
maniaon	COURREGES	COURREGES	471	Courreges(クレージュ)	1	1	\N	1	\N	2026-04-21 14:09:12
maniaon	WOOLRICH	WOOLRICH	655	WOOLRICH(ウールリッチ)	1	1	\N	1	\N	2026-04-21 14:07:57
maniaon	MOOSE KNUCKLES	MOOSE KNUCKLES	5616	MOOSE KNUCKLES(ムースナックルズ)	1	1	\N	1	\N	2026-04-21 14:07:43
maniaon	SEE BY CHLOE	SEE BY CHLOE	305	See by Chloe(シーバイクロエ)	1	1	\N	1	\N	2026-04-21 14:05:50
maniaon	REPETTO	REPETTO	345	repetto(レペット)	1	1	\N	1	\N	2026-04-21 14:05:06
maniaon	MARINE SERRE	MARINE SERRE	12482	MARINE SERRE(マリーンセル)	1	1	\N	1	\N	2026-04-21 14:05:02
maniaon	FERRAGAMO	FERRAGAMO	303	FERRAGAMO(フェラガモ)	1	1	\N	1	\N	2026-04-21 14:03:56
maniaon	PARAJUMPERS	PARAJUMPERS	2064	PARAJUMPERS(パラジャンパーズ)	1	1	\N	1	\N	2026-04-21 14:03:23
maniaon	MONCLER	MONCLER	83	MONCLER(モンクレール)	1	1	\N	1	\N	2026-04-21 14:02:51
maniaon	DROLE DE MONSIEUR	DROLE DE MONSIEUR	8434	DROLE DE MONSIEUR(ドロールドムッシュ)	1	1	\N	1	\N	2026-04-21 14:01:55
maniaon	LONGCHAMP	LONGCHAMP	245	Longchamp(ロンシャン)	1	1	\N	1	\N	2026-04-21 14:01:50
maniaon	BAO BAO ISSEYMIYAKE	BAO BAO ISSEYMIYAKE	8872	BAOBAO ISSEY MIYAKE(バオバオイッセイミヤケ)	2	1	\N	1	\N	2026-04-21 14:00:53
maniaon	A.P.C.	A.P.C.	3668	A.P.C.(アーペーセー)	1	1	\N	1	\N	2026-04-21 14:00:37
maniaon	ANYA HINDMARCH	ANYA HINDMARCH	123	Anya Hindmarch(アニヤハインドマーチ)	1	1	\N	1	\N	2026-04-21 14:00:22
maniaon	EMPORIO ARMANI	EMPORIO ARMANI	187	EMPORIO ARMANI(エンポリオアルマーニ)	1	1	\N	1	\N	2026-04-21 13:59:49
maniaon	SALOMON	SALOMON	3736	Salomon(サロモン)	1	1	\N	1	\N	2026-04-21 13:59:39
maniaon	THOMBROWNE	THOMBROWNE	2997	THOM BROWNE(トムブラウン)	2	1	\N	1	\N	2026-04-21 13:59:29
maniaon	GIVENCHY	GIVENCHY	43	GIVENCHY(ジバンシィ)	1	1	\N	1	\N	2026-04-21 13:59:24
maniaon	CHLOE	CHLOE	85	Chloe(クロエ)	1	1	\N	1	\N	2026-04-21 13:58:54
maniaon	CELINE	CELINE	466	CELINE(セリーヌ)	1	1	\N	1	\N	2026-04-21 13:58:49
maniaon	CARHARTT WIP	CARHARTT WIP	596	Carhartt(カーハート)	3	1	\N	1	\N	2026-04-21 13:58:44
maniaon	BALENCIAGA	BALENCIAGA	131	BALENCIAGA(バレンシアガ)	1	1	\N	1	\N	2026-04-21 13:58:29
maniaon	JACQUEMUS	JACQUEMUS	7388	JACQUEMUS(ジャックムス)	1	1	\N	1	\N	2026-04-21 13:57:57
maniaon	SAINT LAURENT PARIS	SAINT LAURENT PARIS	342	Saint Laurent(サンローラン)	3	1	\N	1	\N	2026-04-21 13:57:34
maniaon	MULBERRY	MULBERRY	269	Mulberry(マルベリー)	1	1	\N	1	\N	2026-04-21 13:57:29
maniaon	MARNI	MARNI	370	MARNI(マルニ)	1	1	\N	1	\N	2026-04-21 13:56:50
maniaon	VALEXTRA	VALEXTRA	1406	Valextra(ヴァレクストラ)	1	1	\N	1	\N	2026-04-21 13:56:33
maniaon	MARC JACOBS	MARC JACOBS	256	MARC JACOBS(マークジェイコブス)	1	1	\N	1	\N	2026-04-21 13:56:08
maniaon	MAISON KITSUNE	MAISON KITSUNE	1550	MAISON KITSUNE(メゾンキツネ)	1	1	\N	1	\N	2026-04-21 13:55:42
maniaon	JIL SANDER	JIL SANDER	1583	Jil Sander(ジルサンダー)	1	1	\N	1	\N	2026-04-21 13:55:37
maniaon	MAX MARA STUDIO	MAX MARA STUDIO	7096	Max Mara Studio(マックスマーラ ステュディオ)	1	1	\N	1	\N	2026-04-21 13:50:09
maniaon	MIU MIU	MIU MIU	267	MiuMiu(ミュウミュウ)	2	1	\N	1	\N	2026-04-21 13:49:55
maniaon	MOON BOOT	MOON BOOT	5936	MOON BOOT(ムーンブーツ)	1	1	\N	1	\N	2026-04-21 13:49:15
maniaon	MASION MIHARA YASUHIRO	MASION MIHARA YASUHIRO	1986	MIHARAYASUHIRO(ミハラヤスヒロ)	3	1	\N	1	\N	2026-04-21 13:40:51
maniaon	TORY BURCH	TORY BURCH	322	Tory Burch(トリーバーチ)	1	1	\N	1	\N	2026-04-21 13:39:47
maniaon	GOLDEN GOOSE	GOLDEN GOOSE	2145	Golden Goose(ゴールデングース)	1	1	\N	1	\N	2026-04-21 13:38:28
maniaon	VIVIENNE WESTWOOD	VIVIENNE WESTWOOD	334	Vivienne Westwood(ヴィヴィアンウエストウッド)	1	1	\N	1	\N	2026-04-21 13:37:39
maniaon	BURBERRY	BURBERRY	150	Burberry(バーバリー)	1	1	\N	1	\N	2026-04-21 13:36:30
maniaon	GUCCI	GUCCI	203	GUCCI(グッチ)	1	1	\N	1	\N	2026-04-21 13:35:25
maniaon	ALEXANDER McQUEEN	ALEXANDER McQUEEN	111	alexander mcqueen(アレキサンダーマックイーン)	1	1	\N	1	\N	2026-04-21 13:34:04
maniaon	MAX MARA	MAX MARA	258	Max Mara(マックスマーラ)	1	1	\N	1	\N	2026-04-21 13:33:43
maniaon	BOTTEGA VENETA	BOTTEGA VENETA	146	BOTTEGA VENETA(ボッテガヴェネタ)	1	1	\N	1	\N	2026-04-21 13:31:54
maniaon	DRAGON DIFFUSION	DRAGON DIFFUSION	9341	Dragon Diffusion(ドラゴンディフュージョン)	1	1	\N	1	\N	2026-04-21 13:29:30
maniaon	PRADA	PRADA	290	PRADA(プラダ)	1	1	\N	1	\N	2026-04-21 13:29:14
maniaon	미우미우	Miu Miu	267	MiuMiu(ミュウミュウ)	2	1	\N	1	\N	2026-04-21 13:28:03
pano	MAISON KITSUNE	MAISON KITSUNE	1550	MAISON KITSUNE(メゾンキツネ)	1	1	\N	1	\N	2026-04-21 13:17:26
pano	APC	APC	3668	A.P.C.(アーペーセー)	2	1	\N	1	\N	2026-04-21 13:17:21
pano	FILSON	FILSON	3565	FILSON(フィルソン)	1	1	\N	1	\N	2026-04-21 13:17:16
pano	FEAR OF GOD	FEAR OF GOD	4749	FEAR OF GOD(フィアオブゴッド)	1	1	\N	1	\N	2026-04-21 13:17:12
pano	GANNI	GANNI	4351	Ganni(ガニー)	1	1	\N	1	\N	2026-04-21 13:17:01
pano	FEAR OF GOD ESSENTIALS	FEAR OF GOD ESSENTIALS	4749	FEAR OF GOD(フィアオブゴッド)	3	1	\N	1	\N	2026-04-21 13:16:56
pano	VIVIENNE WESTWOOD	VIVIENNE WESTWOOD	334	Vivienne Westwood(ヴィヴィアンウエストウッド)	1	1	\N	1	\N	2026-04-21 13:16:51
luxlimit	푸마	PUMA	295	PUMA(プーマ)	1	1	\N	1	\N	2026-04-21 13:16:15
luxlimit	뉴발란스	New Balance	1854	New Balance(ニューバランス)	1	1	\N	1	\N	2026-04-21 13:15:57
upset	아디다스	adidas	105	adidas(アディダス)	1	1	\N	1	\N	2026-04-21 13:15:33
upset	크록스	CROCS	172	CROCS(クロックス)	1	1	\N	1	\N	2026-04-21 13:15:14
upset	뉴발란스	New Balance	1854	New Balance(ニューバランス)	1	1	\N	1	\N	2026-04-21 13:14:53
thegrande	휴먼메이드	HUMAN MADE	14004	HUMAN MADE(ヒューマンメイド)	1	1	\N	1	\N	2026-04-21 13:14:36
thegrande	칼하트	Carhartt	596	Carhartt(カーハート)	1	1	\N	1	\N	2026-04-21 13:14:10
thegrande	아페쎄	A.P.C.	3668	A.P.C.(アーペーセー)	1	1	\N	1	\N	2026-04-21 13:13:50
larlashoes	나이키	NIKE	275	Nike(ナイキ)	1	1	\N	1	\N	2026-04-21 13:12:47
kometa	페레가모	ferragamo	303	FERRAGAMO(フェラガモ)	1	1	\N	1	\N	2026-04-21 13:12:04
kometa	버버리	BURBERRY	150	Burberry(バーバリー)	1	1	\N	1	\N	2026-04-21 13:11:56
kometa	메종마르지엘라	MAISON MARGIELA	251	Maison Margiela(メゾン マルジェラ)	1	1	\N	1	\N	2026-04-21 13:11:51
unico	알렉산더맥퀸	ALEXANDER MCQUEEN	111	alexander mcqueen(アレキサンダーマックイーン)	1	1	\N	1	\N	2026-04-21 13:11:30
unico	토즈	TODS	320	TOD'S(トッズ)	2	1	\N	1	\N	2026-04-21 13:11:25
unico	생로랑	SAINT LAURENT	342	Saint Laurent(サンローラン)	1	1	\N	1	\N	2026-04-21 13:11:20
unico	발망	BALMAIN	1046	BALMAIN(バルマン)	1	1	\N	1	\N	2026-04-21 13:11:09
unico	스톤아일랜드	STONE ISLAND	1434	STONE ISLAND(ストーンアイランド)	1	1	\N	1	\N	2026-04-21 13:10:59
unico	프라다	PRADA	290	PRADA(プラダ)	1	1	\N	1	\N	2026-04-21 13:10:53
euroline	PARAJUMPERS	PARAJUMPERS	2064	PARAJUMPERS(パラジャンパーズ)	1	1	\N	1	\N	2026-04-21 13:10:17
euroline	MAISON KITSUNE	MAISON KITSUNE	1550	MAISON KITSUNE(メゾンキツネ)	1	1	\N	1	\N	2026-04-21 13:10:07
bblue	아디다스	adidas	105	adidas(アディダス)	1	1	\N	1	\N	2026-04-21 13:09:46
bblue	크록스	CROCS	172	CROCS(クロックス)	1	1	\N	1	\N	2026-04-21 13:09:42
bblue	나이키	NIKE	275	Nike(ナイキ)	1	1	\N	1	\N	2026-04-21 13:09:25
maniaon	STONE ISLAND	STONE ISLAND	1434	STONE ISLAND(ストーンアイランド)	1	1	\N	1	\N	2026-04-21 13:08:43
maniaon	MAISON MARGIELA	MAISON MARGIELA	251	Maison Margiela(メゾン マルジェラ)	1	1	\N	1	\N	2026-04-21 13:08:29
